// Generated by tools/gen_gui_fonts.py -- do not edit.
// Glyphs rasterized from Liberation Sans Regular, Copyright (c) 2012 Red Hat,
// Inc., with Reserved Font Name Liberation; digitized data (c) 2010 Google
// Corporation. Licensed under the SIL Open Font License 1.1
// (https://openfontlicense.org).
#ifndef TANNHAUSER_DISPLAYFONT_HPP
#define TANNHAUSER_DISPLAYFONT_HPP

#include "gui/modern/ModernDraw.hpp"

namespace tannhauser {
namespace modern {
namespace displayfont_data {

constexpr AtlasGlyph kGlyphs[] = {
    {0, 0, 0, 0, 0, 196},  // ' '
    {0, 5, 31, 3, 9, 196},  // '!'
    {78, 13, 11, 1, 9, 250},  // '"'
    {150, 25, 30, 0, 10, 392},  // '#'
    {525, 25, 36, 0, 7, 392},  // '$'
    {975, 37, 31, 1, 9, 626},  // '%'
    {1549, 28, 31, 1, 9, 470},  // '&'
    {1983, 5, 11, 2, 9, 134},  // '''
    {2011, 13, 41, 2, 8, 234},  // '('
    {2278, 13, 41, 0, 8, 234},  // ')'
    {2545, 17, 17, 0, 9, 274},  // '*'
    {2690, 22, 23, 2, 14, 411},  // '+'
    {2943, 6, 10, 3, 35, 196},  // ','
    {2973, 12, 4, 1, 26, 234},  // '-'
    {2997, 4, 5, 4, 35, 196},  // '.'
    {3007, 12, 32, 0, 8, 196},  // '/'
    {3199, 23, 31, 1, 9, 392},  // '0'
    {3556, 20, 31, 3, 9, 392},  // '1'
    {3866, 21, 31, 2, 9, 392},  // '2'
    {4192, 23, 31, 1, 9, 392},  // '3'
    {4549, 23, 31, 1, 9, 392},  // '4'
    {4906, 23, 31, 1, 9, 392},  // '5'
    {5263, 22, 31, 2, 9, 392},  // '6'
    {5604, 21, 31, 2, 9, 392},  // '7'
    {5930, 23, 31, 1, 9, 392},  // '8'
    {6287, 21, 31, 2, 9, 392},  // '9'
    {6613, 4, 24, 4, 16, 196},  // ':'
    {6661, 6, 29, 3, 16, 196},  // ';'
    {6748, 22, 23, 2, 14, 411},  // '<'
    {7001, 22, 15, 2, 18, 411},  // '='
    {7166, 22, 23, 2, 14, 411},  // '>'
    {7419, 23, 31, 1, 9, 392},  // '?'
    {7776, 39, 38, 3, 8, 715},  // '@'
    {8517, 29, 31, 0, 9, 470},  // 'A'
    {8967, 24, 31, 3, 9, 470},  // 'B'
    {9339, 29, 31, 2, 9, 508},  // 'C'
    {9789, 27, 31, 3, 9, 508},  // 'D'
    {10208, 25, 31, 3, 9, 470},  // 'E'
    {10596, 23, 31, 3, 9, 430},  // 'F'
    {10953, 29, 31, 2, 9, 548},  // 'G'
    {11403, 26, 31, 3, 9, 508},  // 'H'
    {11806, 4, 31, 4, 9, 196},  // 'I'
    {11868, 19, 31, 0, 9, 352},  // 'J'
    {12163, 26, 31, 3, 9, 470},  // 'K'
    {12566, 21, 31, 3, 9, 392},  // 'L'
    {12892, 31, 31, 3, 9, 586},  // 'M'
    {13373, 26, 31, 3, 9, 508},  // 'N'
    {13776, 30, 31, 2, 9, 548},  // 'O'
    {14241, 24, 31, 3, 9, 470},  // 'P'
    {14613, 30, 39, 2, 9, 548},  // 'Q'
    {15198, 27, 31, 3, 9, 508},  // 'R'
    {15617, 26, 31, 2, 9, 470},  // 'S'
    {16020, 26, 31, 0, 9, 430},  // 'T'
    {16423, 26, 31, 3, 9, 508},  // 'U'
    {16826, 29, 31, 0, 9, 470},  // 'V'
    {17276, 41, 31, 0, 9, 664},  // 'W'
    {17912, 28, 31, 1, 9, 470},  // 'X'
    {18346, 28, 31, 1, 9, 470},  // 'Y'
    {18780, 25, 31, 1, 9, 430},  // 'Z'
};

constexpr uint8_t kAlpha[] = {
    0x04, 0x44, 0x40, 0xEF, 0xFE, 0x0E, 0xFF, 0xE0, 0xEF, 0xFE, 0x0D, 0xFF, 0xD0, 0xDF, 0xFD, 0x0D, 0xFF, 0xD0, 0xCF, 0xFC,
    0x0C, 0xFF, 0xC0, 0xCF, 0xFC, 0x0B, 0xFF, 0xB0, 0xBF, 0xFB, 0x0B, 0xFF, 0xB0, 0xAF, 0xFA, 0x0A, 0xFF, 0xA0, 0x9F, 0xF9,
    0x09, 0xFF, 0x90, 0x9F, 0xF9, 0x08, 0xFF, 0x80, 0x8F, 0xF8, 0x08, 0xFF, 0x80, 0x7F, 0xF7, 0x04, 0x88, 0x40, 0x00, 0x00,
    0x00, 0x00, 0x00, 0x00, 0x00, 0x04, 0x44, 0x30, 0xFF, 0xFD, 0x0F, 0xFF, 0xD0, 0xFF, 0xFD, 0x0F, 0xFF, 0xD0, 0x04, 0x44,
    0x20, 0x00, 0x24, 0x44, 0x11, 0xFF, 0xF8, 0x00, 0x06, 0xFF, 0xF3, 0x1F, 0xFF, 0x70, 0x00, 0x6F, 0xFF, 0x20, 0xFF, 0xF7,
    0x00, 0x05, 0xFF, 0xF2, 0x0E, 0xFF, 0x60, 0x00, 0x4F, 0xFF, 0x10, 0xEF, 0xF5, 0x00, 0x04, 0xFF, 0xF0, 0x0D, 0xFF, 0x40,
    0x00, 0x3F, 0xFE, 0x00, 0xCF, 0xF4, 0x00, 0x02, 0xFF, 0xE0, 0x0B, 0xFF, 0x30, 0x00, 0x2F, 0xFD, 0x00, 0xBF, 0xF2, 0x00,
    0x01, 0xFF, 0xC0, 0x03, 0x44, 0x00, 0x00, 0x04, 0x43, 0x00, 0x00, 0x00, 0x00, 0x00, 0x0C, 0xF9, 0x00, 0x00, 0x00, 0x07,
    0xFF, 0x00, 0x00, 0x00, 0x00, 0x00, 0x00, 0xFF, 0x60, 0x00, 0x00, 0x00, 0xCF, 0xC0, 0x00, 0x00, 0x00, 0x00, 0x00, 0x3F,
    0xF2, 0x00, 0x00, 0x00, 0x1F, 0xF9, 0x00, 0x00, 0x00, 0x00, 0x00, 0x06, 0xFE, 0x00, 0x00, 0x00, 0x04, 0xFF, 0x50, 0x00,
    0x00, 0x00, 0x00, 0x00, 0xAF, 0xB0, 0x00, 0x00, 0x00, 0x7F, 0xF2, 0x00, 0x00, 0x00, 0x00, 0x00, 0x0D, 0xF8, 0x00, 0x00,
    0x00, 0x0A, 0xFE, 0x00, 0x00, 0x00, 0x00, 0x00, 0x01, 0xFF, 0x40, 0x00, 0x00, 0x00, 0xEF, 0xB0, 0x00, 0x00, 0x00, 0x00,
    0x00, 0x5F, 0xF1, 0x00, 0x00, 0x00, 0x2F, 0xF7, 0x00, 0x00, 0x03, 0x44, 0x44, 0x49, 0xFE, 0x44, 0x44, 0x44, 0x47, 0xFF,
    0x74, 0x44, 0x30, 0xBF, 0xFF, 0xFF, 0xFF, 0xFF, 0xFF, 0xFF, 0xFF, 0xFF, 0xFF, 0xFF, 0xFB, 0x0B, 0xFF, 0xFF, 0xFF, 0xFF,
    0xFF, 0xFF, 0xFF, 0xFF, 0xFF, 0xFF, 0xFF, 0xB0, 0x00, 0x00, 0x03, 0xFF, 0x40, 0x00, 0x00, 0x00, 0xFF, 0x80, 0x00, 0x00,
    0x00, 0x00, 0x00, 0x7F, 0xF1, 0x00, 0x00, 0x00, 0x3F, 0xF4, 0x00, 0x00, 0x00, 0x00, 0x00, 0x0B, 0xFD, 0x00, 0x00, 0x00,
    0x06, 0xFE, 0x00, 0x00, 0x00, 0x00, 0x00, 0x01, 0xFF, 0x90, 0x00, 0x00, 0x00, 0x9F, 0xC0, 0x00, 0x00, 0x00, 0x00, 0x00,
    0x4F, 0xF6, 0x00, 0x00, 0x00, 0x0C, 0xF8, 0x00, 0x00, 0x00, 0x00, 0x00, 0x07, 0xFF, 0x30, 0x00, 0x00, 0x01, 0xFF, 0x50,
    0x00, 0x00, 0x00, 0x00, 0x00, 0xAF, 0xF0, 0x00, 0x00, 0x00, 0x4F, 0xF2, 0x00, 0x00, 0x00, 0x00, 0x00, 0x0D, 0xFC, 0x00,
    0x00, 0x00, 0x07, 0xFE, 0x00, 0x00, 0x00, 0x0C, 0xFF, 0xFF, 0xFF, 0xFF, 0xFF, 0xFF, 0xFF, 0xFF, 0xFF, 0xFF, 0xFF, 0xA0,
    0xCF, 0xFF, 0xFF, 0xFF, 0xFF, 0xFF, 0xFF, 0xFF, 0xFF, 0xFF, 0xFF, 0xFA, 0x03, 0x44, 0x4A, 0xFF, 0x44, 0x44, 0x44, 0x46,
    0xFF, 0x74, 0x44, 0x44, 0x20, 0x00, 0x00, 0xBF, 0xC0, 0x00, 0x00, 0x00, 0x5F, 0xF1, 0x00, 0x00, 0x00, 0x00, 0x00, 0x0E,
    0xF8, 0x00, 0x00, 0x00, 0x08, 0xFD, 0x00, 0x00, 0x00, 0x00, 0x00, 0x02, 0xFF, 0x40, 0x00, 0x00, 0x00, 0xBF, 0x90, 0x00,
    0x00, 0x00, 0x00, 0x00, 0x6F, 0xF1, 0x00, 0x00, 0x00, 0x0E, 0xF6, 0x00, 0x00, 0x00, 0x00, 0x00, 0x09, 0xFC, 0x00, 0x00,
    0x00, 0x03, 0xFF, 0x30, 0x00, 0x00, 0x00, 0x00, 0x00, 0xCF, 0x90, 0x00, 0x00, 0x00, 0x6F, 0xE0, 0x00, 0x00, 0x00, 0x00,
    0x00, 0x0F, 0xF6, 0x00, 0x00, 0x00, 0x09, 0xFB, 0x00, 0x00, 0x00, 0x00, 0x00, 0x03, 0xFF, 0x30, 0x00, 0x00, 0x00, 0xCF,
    0x80, 0x00, 0x00, 0x00, 0x00, 0x00, 0x00, 0x00, 0x00, 0x00, 0x05, 0x88, 0x00, 0x00, 0x00, 0x00, 0x00, 0x00, 0x00, 0x00,
    0x00, 0x00, 0x00, 0x9F, 0xF1, 0x00, 0x00, 0x00, 0x00, 0x00, 0x00, 0x00, 0x00, 0x00, 0x00, 0x09, 0xFF, 0x10, 0x00, 0x00,
    0x00, 0x00, 0x00, 0x00, 0x00, 0x00, 0x26, 0x9A, 0xEF, 0xFB, 0x97, 0x30, 0x00, 0x00, 0x00, 0x00, 0x00, 0x07, 0xDF, 0xFF,
    0xFF, 0xFF, 0xFF, 0xFF, 0xD7, 0x10, 0x00, 0x00, 0x00, 0x2C, 0xFF, 0xFF, 0xFF, 0xFF, 0xFF, 0xFF, 0xFF, 0xFD, 0x20, 0x00,
    0x00, 0x1D, 0xFF, 0xFF, 0xC8, 0x5B, 0xFF, 0x69, 0xDF, 0xFF, 0xFD, 0x10, 0x00, 0x08, 0xFF, 0xFE, 0x40, 0x00, 0x9F, 0xF1,
    0x00, 0x6F, 0xFF, 0xF9, 0x00, 0x00, 0xDF, 0xFE, 0x20, 0x00, 0x09, 0xFF, 0x10, 0x00, 0x6F, 0xFF, 0xF1, 0x00, 0x1F, 0xFF,
    0xA0, 0x00, 0x00, 0x9F, 0xF1, 0x00, 0x00, 0xCF, 0xFF, 0x60, 0x02, 0xFF, 0xF8, 0x00, 0x00, 0x09, 0xFF, 0x10, 0x00, 0x04,
    0xB8, 0x52, 0x00, 0x2F, 0xFF, 0xA0, 0x00, 0x00, 0x9F, 0xF1, 0x00, 0x00, 0x00, 0x00, 0x00, 0x00, 0xEF, 0xFE, 0x20, 0x00,
    0x09, 0xFF, 0x10, 0x00, 0x00, 0x00, 0x00, 0x00, 0x09, 0xFF, 0xFD, 0x30, 0x00, 0x9F, 0xF1, 0x00, 0x00, 0x00, 0x00, 0x00,
    0x00, 0x2E, 0xFF, 0xFF, 0xA4, 0x09, 0xFF, 0x10, 0x00, 0x00, 0x00, 0x00, 0x00, 0x00, 0x4E, 0xFF, 0xFF, 0xFE, 0xEF, 0xF1,
    0x00, 0x00, 0x00, 0x00, 0x00, 0x00, 0x00, 0x3C, 0xFF, 0xFF, 0xFF, 0xFF, 0xFC, 0x84, 0x00, 0x00, 0x00, 0x00, 0x00, 0x00,
    0x04, 0x9E, 0xFF, 0xFF, 0xFF, 0xFF, 0xFD, 0x82, 0x00, 0x00, 0x00, 0x00, 0x00, 0x00, 0x03, 0x7D, 0xFF, 0xFF, 0xFF, 0xFF,
    0xF7, 0x00, 0x00, 0x00, 0x00, 0x00, 0x00, 0x00, 0x9F, 0xF7, 0xBF, 0xFF, 0xFF, 0xF9, 0x00, 0x00, 0x00, 0x00, 0x00, 0x00,
    0x09, 0xFF, 0x10, 0x16, 0xDF, 0xFF, 0xF5, 0x00, 0x00, 0x00, 0x00, 0x00, 0x00, 0x9F, 0xF1, 0x00, 0x01, 0xAF, 0xFF, 0xC0,
    0x00, 0x00, 0x00, 0x00, 0x00, 0x09, 0xFF, 0x10, 0x00, 0x00, 0xDF, 0xFF, 0x10, 0x00, 0x00, 0x00, 0x00, 0x00, 0x9F, 0xF1,
    0x00, 0x00, 0x08, 0xFF, 0xF3, 0x27, 0xAD, 0x40, 0x00, 0x00, 0x09, 0xFF, 0x10, 0x00, 0x00, 0x7F, 0xFF, 0x45, 0xFF, 0xF9,
    0x00, 0x00, 0x00, 0x9F, 0xF1, 0x00, 0x00, 0x08, 0xFF, 0xF3, 0x1E, 0xFF, 0xF2, 0x00, 0x00, 0x09, 0xFF, 0x10, 0x00, 0x00,
    0xDF, 0xFF, 0x00, 0x9F, 0xFF, 0xD3, 0x00, 0x00, 0x9F, 0xF1, 0x00, 0x01, 0xBF, 0xFF, 0xA0, 0x01, 0xDF, 0xFF, 0xF9, 0x30,
    0x09, 0xFF, 0x10, 0x16, 0xDF, 0xFF, 0xE2, 0x00, 0x03, 0xEF, 0xFF, 0xFF, 0xEC, 0xDF, 0xFB, 0xDF, 0xFF, 0xFF, 0xF5, 0x00,
    0x00, 0x02, 0xBF, 0xFF, 0xFF, 0xFF, 0xFF, 0xFF, 0xFF, 0xFF, 0xD4, 0x00, 0x00, 0x00, 0x00, 0x4A, 0xEF, 0xFF, 0xFF, 0xFF,
    0xFF, 0xFB, 0x51, 0x00, 0x00, 0x00, 0x00, 0x00, 0x00, 0x25, 0x7C, 0xFF, 0x76, 0x31, 0x00, 0x00, 0x00, 0x00, 0x00, 0x00,
    0x00, 0x00, 0x00, 0x9F, 0xF1, 0x00, 0x00, 0x00, 0x00, 0x00, 0x00, 0x00, 0x00, 0x00, 0x00, 0x09, 0xFF, 0x10, 0x00, 0x00,
    0x00, 0x00, 0x00, 0x00, 0x00, 0x00, 0x00, 0x00, 0x9F, 0xF1, 0x00, 0x00, 0x00, 0x00, 0x00, 0x00, 0x00, 0x04, 0x77, 0x63,
    0x00, 0x00, 0x00, 0x00, 0x00, 0x00, 0x00, 0x00, 0x24, 0x43, 0x00, 0x00, 0x00, 0x00, 0x00, 0x6E, 0xFF, 0xFF, 0xFD, 0x40,
    0x00, 0x00, 0x00, 0x00, 0x00, 0x00, 0x1D, 0xFF, 0x70, 0x00, 0x00, 0x00, 0x00, 0x7F, 0xFF, 0xED, 0xEF, 0xFF, 0x40, 0x00,
    0x00, 0x00, 0x00, 0x00, 0x09, 0xFF, 0xC0, 0x00, 0x00, 0x00, 0x00, 0x2F, 0xFF, 0x70, 0x01, 0x9F, 0xFD, 0x00, 0x00, 0x00,
    0x00, 0x00, 0x04, 0xFF, 0xF2, 0x00, 0x00, 0x00, 0x00, 0x09, 0xFF, 0x90, 0x00, 0x00, 0xCF, 0xF5, 0x00, 0x00, 0x00, 0x00,
    0x01, 0xDF, 0xF7, 0x00, 0x00, 0x00, 0x00, 0x00, 0xEF, 0xF3, 0x00, 0x00, 0x07, 0xFF, 0xA0, 0x00, 0x00, 0x00, 0x00, 0x8F,
    0xFC, 0x00, 0x00, 0x00, 0x00, 0x00, 0x2F, 0xFF, 0x00, 0x00, 0x00, 0x3F, 0xFD, 0x00, 0x00, 0x00, 0x00, 0x3F, 0xFF, 0x30,
    0x00, 0x00, 0x00, 0x00, 0x04, 0xFF, 0xD0, 0x00, 0x00, 0x01, 0xFF, 0xF1, 0x00, 0x00, 0x00, 0x0D, 0xFF, 0x70, 0x00, 0x00,
    0x00, 0x00, 0x00, 0x6F, 0xFC, 0x00, 0x00, 0x00, 0x0F, 0xFF, 0x20, 0x00, 0x00, 0x08, 0xFF, 0xC0, 0x00, 0x00, 0x00, 0x00,
    0x00, 0x06, 0xFF, 0xB0, 0x00, 0x00, 0x00, 0xFF, 0xF3, 0x00, 0x00, 0x03, 0xFF, 0xF3, 0x00, 0x00, 0x00, 0x00, 0x00, 0x00,
    0x6F, 0xFB, 0x00, 0x00, 0x00, 0x0F, 0xFF, 0x30, 0x00, 0x00, 0xCF, 0xF8, 0x00, 0x00, 0x00, 0x00, 0x00, 0x00, 0x06, 0xFF,
    0xC0, 0x00, 0x00, 0x00, 0xFF, 0xF2, 0x00, 0x00, 0x7F, 0xFD, 0x00, 0x00, 0x00, 0x00, 0x00, 0x00, 0x00, 0x4F, 0xFD, 0x00,
    0x00, 0x00, 0x1F, 0xFF, 0x10, 0x00, 0x2F, 0xFF, 0x30, 0x00, 0x6B, 0xEF, 0xEB, 0x60, 0x00, 0x02, 0xFF, 0xF0, 0x00, 0x00,
    0x04, 0xFF, 0xE0, 0x00, 0x0A, 0xFF, 0x80, 0x01, 0xCF, 0xFF, 0xFF, 0xFF, 0xC1, 0x00, 0x0E, 0xFF, 0x30, 0x00, 0x00, 0x7F,
    0xFA, 0x00, 0x03, 0xFF, 0xD1, 0x00, 0xBF, 0xFE, 0x86, 0x8E, 0xFF, 0xA0, 0x00, 0x8F, 0xFA, 0x00, 0x00, 0x1D, 0xFF, 0x50,
    0x01, 0xDF, 0xE3, 0x00, 0x5F, 0xFD, 0x20, 0x00, 0x2E, 0xFF, 0x40, 0x01, 0xEF, 0xF9, 0x10, 0x2B, 0xFF, 0xC0, 0x00, 0xAF,
    0xF6, 0x00, 0x0B, 0xFF, 0x60, 0x00, 0x00, 0x7F, 0xFA, 0x00, 0x05, 0xFF, 0xFF, 0xEF, 0xFF, 0xE2, 0x00, 0x5F, 0xFC, 0x00,
    0x00, 0xFF, 0xF2, 0x00, 0x00, 0x03, 0xFF, 0xE0, 0x00, 0x05, 0xDF, 0xFF, 0xFF, 0xC2, 0x00, 0x1E, 0xFF, 0x40, 0x00, 0x2F,
    0xFF, 0x00, 0x00, 0x00, 0x1F, 0xFF, 0x20, 0x00, 0x00, 0x47, 0x76, 0x30, 0x00, 0x0A, 0xFF, 0xB0, 0x00, 0x04, 0xFF, 0xD0,
    0x00, 0x00, 0x00, 0xEF, 0xF3, 0x00, 0x00, 0x00, 0x00, 0x00, 0x00, 0x04, 0xFF, 0xE2, 0x00, 0x00, 0x5F, 0xFD, 0x00, 0x00,
    0x00, 0x0D, 0xFF, 0x40, 0x00, 0x00, 0x00, 0x00, 0x00, 0x01, 0xDF, 0xF6, 0x00, 0x00, 0x05, 0xFF, 0xC0, 0x00, 0x00, 0x00,
    0xDF, 0xF4, 0x00, 0x00, 0x00, 0x00, 0x00, 0x00, 0x9F, 0xFB, 0x00, 0x00, 0x00, 0x5F, 0xFD, 0x00, 0x00, 0x00, 0x0E, 0xFF,
    0x40, 0x00, 0x00, 0x00, 0x00, 0x00, 0x4F, 0xFE, 0x20, 0x00, 0x00, 0x04, 0xFF, 0xE0, 0x00, 0x00, 0x00, 0xEF, 0xF3, 0x00,
    0x00, 0x00, 0x00, 0x00, 0x1D, 0xFF, 0x60, 0x00, 0x00, 0x00, 0x2F, 0xFF, 0x00, 0x00, 0x00, 0x1F, 0xFF, 0x10, 0x00, 0x00,
    0x00, 0x00, 0x09, 0xFF, 0xB0, 0x00, 0x00, 0x00, 0x00, 0xEF, 0xF3, 0x00, 0x00, 0x04, 0xFF, 0xD0, 0x00, 0x00, 0x00, 0x00,
    0x04, 0xFF, 0xE2, 0x00, 0x00, 0x00, 0x00, 0x0A, 0xFF, 0x80, 0x00, 0x00, 0x9F, 0xF9, 0x00, 0x00, 0x00, 0x00, 0x00, 0xDF,
    0xF7, 0x00, 0x00, 0x00, 0x00, 0x00, 0x4F, 0xFE, 0x20, 0x00, 0x3F, 0xFF, 0x20, 0x00, 0x00, 0x00, 0x00, 0x8F, 0xFC, 0x00,
    0x00, 0x00, 0x00, 0x00, 0x00, 0xAF, 0xFE, 0x86, 0x8E, 0xFF, 0x80, 0x00, 0x00, 0x00, 0x00, 0x3F, 0xFF, 0x30, 0x00, 0x00,
    0x00, 0x00, 0x00, 0x01, 0xBF, 0xFF, 0xFF, 0xFF, 0xA0, 0x00, 0x00, 0x00, 0x00, 0x09, 0xBB, 0x60, 0x00, 0x00, 0x00, 0x00,
    0x00, 0x00, 0x00, 0x6B, 0xEF, 0xEB, 0x50, 0x00, 0x00, 0x00, 0x00, 0x00, 0x00, 0x00, 0x14, 0x77, 0x75, 0x10, 0x00, 0x00,
    0x00, 0x00, 0x00, 0x00, 0x00, 0x00, 0x00, 0x19, 0xFF, 0xFF, 0xFF, 0xF9, 0x10, 0x00, 0x00, 0x00, 0x00, 0x00, 0x00, 0x00,
    0x02, 0xEF, 0xFF, 0xFF, 0xFF, 0xFF, 0xE2, 0x00, 0x00, 0x00, 0x00, 0x00, 0x00, 0x00, 0x0D, 0xFF, 0xF8, 0x32, 0x38, 0xFF,
    0xFD, 0x00, 0x00, 0x00, 0x00, 0x00, 0x00, 0x00, 0x5F, 0xFF, 0x50, 0x00, 0x00, 0x5F, 0xFF, 0x50, 0x00, 0x00, 0x00, 0x00,
    0x00, 0x00, 0xAF, 0xFB, 0x00, 0x00, 0x00, 0x0B, 0xFF, 0x90, 0x00, 0x00, 0x00, 0x00, 0x00, 0x00, 0xCF, 0xF8, 0x00, 0x00,
    0x00, 0x09, 0xFF, 0xA0, 0x00, 0x00, 0x00, 0x00, 0x00, 0x00, 0xCF, 0xF7, 0x00, 0x00, 0x00, 0x0B, 0xFF, 0x90, 0x00, 0x00,
    0x00, 0x00, 0x00, 0x00, 0xBF, 0xF9, 0x00, 0x00, 0x00, 0x4F, 0xFF, 0x40, 0x00, 0x00, 0x00, 0x00, 0x00, 0x00, 0x8F, 0xFC,
    0x00, 0x00, 0x04, 0xEF, 0xFC, 0x00, 0x00, 0x00, 0x00, 0x00, 0x00, 0x00, 0x4F, 0xFF, 0x20, 0x01, 0x8F, 0xFF, 0xE2, 0x00,
    0x00, 0x00, 0x00, 0x00, 0x00, 0x00, 0x0E, 0xFF, 0x70, 0x6D, 0xFF, 0xFD, 0x30, 0x00, 0x00, 0x00, 0x00, 0x00, 0x00, 0x00,
    0x09, 0xFF, 0xEE, 0xFF, 0xFF, 0x91, 0x00, 0x00, 0x00, 0x00, 0x00, 0x00, 0x00, 0x00, 0x05, 0xFF, 0xFF, 0xFF, 0xA3, 0x00,
    0x00, 0x00, 0x00, 0x00, 0x00, 0x00, 0x00, 0x03, 0xBF, 0xFF, 0xFF, 0xB3, 0x00, 0x00, 0x00, 0x01, 0x10, 0x00, 0x00, 0x00,
    0x00, 0x7F, 0xFF, 0xFF, 0xFF, 0x80, 0x00, 0x00, 0x00, 0x05, 0xFB, 0x70, 0x00, 0x00, 0x0A, 0xFF, 0xFF, 0x9A, 0xFF, 0xF2,
    0x00, 0x00, 0x00, 0x09, 0xFF, 0xB0, 0x00, 0x00, 0x9F, 0xFF, 0xD3, 0x02, 0xEF, 0xF9, 0x00, 0x00, 0x00, 0x0D, 0xFF, 0x70,
    0x00, 0x04, 0xFF, 0xFC, 0x10, 0x00, 0x7F, 0xFF, 0x30, 0x00, 0x00, 0x4F, 0xFF, 0x20, 0x00, 0x0C, 0xFF, 0xE2, 0x00, 0x00,
    0x0C, 0xFF, 0xC1, 0x00, 0x00, 0x9F, 0xFB, 0x00, 0x00, 0x2F, 0xFF, 0x90, 0x00, 0x00, 0x03, 0xFF, 0xF9, 0x00, 0x01, 0xFF,
    0xF5, 0x00, 0x00, 0x5F, 0xFF, 0x40, 0x00, 0x00, 0x00, 0x7F, 0xFF, 0x60, 0x08, 0xFF, 0xD0, 0x00, 0x00, 0x7F, 0xFF, 0x30,
    0x00, 0x00, 0x00, 0x0C, 0xFF, 0xF3, 0x2E, 0xFF, 0x60, 0x00, 0x00, 0x6F, 0xFF, 0x30, 0x00, 0x00, 0x00, 0x03, 0xEF, 0xFE,
    0xCF, 0xFC, 0x00, 0x00, 0x00, 0x4F, 0xFF, 0x70, 0x00, 0x00, 0x00, 0x00, 0x4F, 0xFF, 0xFF, 0xF3, 0x00, 0x00, 0x00, 0x1F,
    0xFF, 0xD1, 0x00, 0x00, 0x00, 0x00, 0x07, 0xFF, 0xFF, 0x90, 0x00, 0x00, 0x00, 0x09, 0xFF, 0xFA, 0x00, 0x00, 0x00, 0x00,
    0x2C, 0xFF, 0xFF, 0xF7, 0x00, 0x00, 0x00, 0x02, 0xEF, 0xFF, 0xC5, 0x10, 0x00, 0x28, 0xFF, 0xFF, 0xFF, 0xFF, 0xD7, 0x55,
    0x64, 0x00, 0x4E, 0xFF, 0xFF, 0xFD, 0xCE, 0xFF, 0xFF, 0xF7, 0x8F, 0xFF, 0xFF, 0xFF, 0xF6, 0x00, 0x02, 0xBF, 0xFF, 0xFF,
    0xFF, 0xFF, 0xFB, 0x30, 0x05, 0xDF, 0xFF, 0xFF, 0xF6, 0x00, 0x00, 0x03, 0x8B, 0xEF, 0xFE, 0xC8, 0x20, 0x00, 0x00, 0x04,
    0x8B, 0xBA, 0x82, 0x34, 0x44, 0x2A, 0xFF, 0xF6, 0x9F, 0xFF, 0x58, 0xFF, 0xF5, 0x7F, 0xFF, 0x46, 0xFF, 0xF3, 0x5F, 0xFF,
    0x24, 0xFF, 0xF2, 0x3F, 0xFF, 0x12, 0xFF, 0xF0, 0x04, 0x44, 0x00, 0x00, 0x00, 0x00, 0x00, 0x8F, 0xFF, 0x40, 0x00, 0x00,
    0x00, 0x6F, 0xFF, 0x60, 0x00, 0x00, 0x00, 0x4F, 0xFF, 0x90, 0x00, 0x00, 0x00, 0x3E, 0xFF, 0xD1, 0x00, 0x00, 0x00, 0x0C,
    0xFF, 0xF4, 0x00, 0x00, 0x00, 0x07, 0xFF, 0xFA, 0x00, 0x00, 0x00, 0x01, 0xEF, 0xFF, 0x20, 0x00, 0x00, 0x00, 0x8F, 0xFF,
    0x90, 0x00, 0x00, 0x00, 0x1E, 0xFF, 0xF3, 0x00, 0x00, 0x00, 0x06, 0xFF, 0xFA, 0x00, 0x00, 0x00, 0x00, 0xBF, 0xFF, 0x30,
    0x00, 0x00, 0x00, 0x1F, 0xFF, 0xD0, 0x00, 0x00, 0x00, 0x05, 0xFF, 0xF9, 0x00, 0x00, 0x00, 0x00, 0x8F, 0xFF, 0x50, 0x00,
    0x00, 0x00, 0x0B, 0xFF, 0xF2, 0x00, 0x00, 0x00, 0x00, 0xEF, 0xFF, 0x00, 0x00, 0x00, 0x00, 0x1F, 0xFF, 0xD0, 0x00, 0x00,
    0x00, 0x02, 0xFF, 0xFB, 0x00, 0x00, 0x00, 0x00, 0x3F, 0xFF, 0xA0, 0x00, 0x00, 0x00, 0x04, 0xFF, 0xFA, 0x00, 0x00, 0x00,
    0x00, 0x4F, 0xFF, 0x90, 0x00, 0x00, 0x00, 0x04, 0xFF, 0xFA, 0x00, 0x00, 0x00, 0x00, 0x3F, 0xFF, 0xA0, 0x00, 0x00, 0x00,
    0x02, 0xFF, 0xFB, 0x00, 0x00, 0x00, 0x00, 0x1F, 0xFF, 0xD0, 0x00, 0x00, 0x00, 0x00, 0xEF, 0xFF, 0x00, 0x00, 0x00, 0x00,
    0x0B, 0xFF, 0xF2, 0x00, 0x00, 0x00, 0x00, 0x8F, 0xFF, 0x50, 0x00, 0x00, 0x00, 0x05, 0xFF, 0xF9, 0x00, 0x00, 0x00, 0x00,
    0x1F, 0xFF, 0xD0, 0x00, 0x00, 0x00, 0x00, 0xBF, 0xFF, 0x30, 0x00, 0x00, 0x00, 0x06, 0xFF, 0xFA, 0x00, 0x00, 0x00, 0x00,
    0x1E, 0xFF, 0xF3, 0x00, 0x00, 0x00, 0x00, 0x8F, 0xFF, 0x90, 0x00, 0x00, 0x00, 0x01, 0xEF, 0xFF, 0x20, 0x00, 0x00, 0x00,
    0x07, 0xFF, 0xFA, 0x00, 0x00, 0x00, 0x00, 0x0C, 0xFF, 0xF4, 0x00, 0x00, 0x00, 0x00, 0x3E, 0xFF, 0xD1, 0x00, 0x00, 0x00,
    0x00, 0x4F, 0xFF, 0x90, 0x00, 0x00, 0x00, 0x00, 0x6F, 0xFF, 0x60, 0x00, 0x00, 0x00, 0x00, 0x8F, 0xFF, 0x40, 0x5F, 0xFF,
    0x70, 0x00, 0x00, 0x00, 0x00, 0x7F, 0xFF, 0x50, 0x00, 0x00, 0x00, 0x00, 0xBF, 0xFE, 0x20, 0x00, 0x00, 0x00, 0x01, 0xEF,
    0xFC, 0x00, 0x00, 0x00, 0x00, 0x05, 0xFF, 0xF7, 0x00, 0x00, 0x00, 0x00, 0x0B, 0xFF, 0xE3, 0x00, 0x00, 0x00, 0x00, 0x3F,
    0xFF, 0xD0, 0x00, 0x00, 0x00, 0x00, 0xBF, 0xFF, 0x60, 0x00, 0x00, 0x00, 0x04, 0xFF, 0xFD, 0x00, 0x00, 0x00, 0x00, 0x0D,
    0xFF, 0xF4, 0x00, 0x00, 0x00, 0x00, 0x8F, 0xFF, 0xA0, 0x00, 0x00, 0x00, 0x03, 0xFF, 0xFE, 0x00, 0x00, 0x00, 0x00, 0x0E,
    0xFF, 0xF3, 0x00, 0x00, 0x00, 0x00, 0xBF, 0xFF, 0x70, 0x00, 0x00, 0x00, 0x08, 0xFF, 0xFA, 0x00, 0x00, 0x00, 0x00, 0x5F,
    0xFF, 0xC0, 0x00, 0x00, 0x00, 0x03, 0xFF, 0xFE, 0x00, 0x00, 0x00, 0x00, 0x2F, 0xFF, 0xF1, 0x00, 0x00, 0x00, 0x01, 0xFF,
    0xFF, 0x20, 0x00, 0x00, 0x00, 0x0F, 0xFF, 0xF2, 0x00, 0x00, 0x00, 0x00, 0xEF, 0xFF, 0x30, 0x00, 0x00, 0x00, 0x0F, 0xFF,
    0xF2, 0x00, 0x00, 0x00, 0x00, 0xFF, 0xFF, 0x20, 0x00, 0x00, 0x00, 0x2F, 0xFF, 0xF1, 0x00, 0x00, 0x00, 0x03, 0xFF, 0xFE,
    0x00, 0x00, 0x00, 0x00, 0x5F, 0xFF, 0xC0, 0x00, 0x00, 0x00, 0x08, 0xFF, 0xFA, 0x00, 0x00, 0x00, 0x00, 0xAF, 0xFF, 0x70,
    0x00, 0x00, 0x00, 0x0E, 0xFF, 0xF3, 0x00, 0x00, 0x00, 0x03, 0xFF, 0xFE, 0x00, 0x00, 0x00, 0x00, 0x8F, 0xFF, 0xA0, 0x00,
    0x00, 0x00, 0x0D, 0xFF, 0xF4, 0x00, 0x00, 0x00, 0x04, 0xFF, 0xFD, 0x00, 0x00, 0x00, 0x00, 0xBF, 0xFF, 0x60, 0x00, 0x00,
    0x00, 0x3F, 0xFF, 0xD0, 0x00, 0x00, 0x00, 0x0B, 0xFF, 0xE3, 0x00, 0x00, 0x00, 0x05, 0xFF, 0xF7, 0x00, 0x00, 0x00, 0x01,
    0xEF, 0xFC, 0x00, 0x00, 0x00, 0x00, 0xBF, 0xFE, 0x20, 0x00, 0x00, 0x00, 0x7F, 0xFF, 0x50, 0x00, 0x00, 0x00, 0x5F, 0xFF,
    0x70, 0x00, 0x00, 0x00, 0x00, 0x00, 0x00, 0x00, 0x03, 0x43, 0x00, 0x00, 0x00, 0x00, 0x00, 0x00, 0x00, 0xCF, 0xC0, 0x00,
    0x00, 0x00, 0x00, 0x00, 0x00, 0x0C, 0xFB, 0x00, 0x00, 0x00, 0x00, 0x00, 0x00, 0x00, 0xBF, 0xB0, 0x00, 0x00, 0x00, 0x00,
    0x00, 0x00, 0x0A, 0xFA, 0x00, 0x00, 0x00, 0x00, 0x8C, 0x61, 0x00, 0xAF, 0x90, 0x01, 0x7C, 0x60, 0x0D, 0xFF, 0xE9, 0x39,
    0xF9, 0x4A, 0xFF, 0xFC, 0x02, 0xEF, 0xFF, 0xFF, 0xFF, 0xFF, 0xFF, 0xFF, 0xE1, 0x00, 0x37, 0xBE, 0xFF, 0xFF, 0xFE, 0xA7,
    0x30, 0x00, 0x00, 0x00, 0x09, 0xFF, 0xF7, 0x00, 0x00, 0x00, 0x00, 0x00, 0x03, 0xFF, 0xEF, 0xE1, 0x00, 0x00, 0x00, 0x00,
    0x01, 0xDF, 0xE3, 0xFF, 0xB0, 0x00, 0x00, 0x00, 0x00, 0xAF, 0xF7, 0x09, 0xFF, 0x70, 0x00, 0x00, 0x00, 0x7F, 0xFD, 0x00,
    0x1E, 0xFF, 0x40, 0x00, 0x00, 0x2F, 0xFF, 0x40, 0x00, 0x7F, 0xFD, 0x00, 0x00, 0x00, 0x3B, 0xA0, 0x00, 0x00, 0xDA, 0x20,
    0x00, 0x00, 0x00, 0x01, 0x00, 0x00, 0x01, 0x00, 0x00, 0x00, 0x00, 0x00, 0x00, 0x00, 0x05, 0x77, 0x40, 0x00, 0x00, 0x00,
    0x00, 0x00, 0x00, 0x00, 0x00, 0x0B, 0xFF, 0xA0, 0x00, 0x00, 0x00, 0x00, 0x00, 0x00, 0x00, 0x00, 0x0B, 0xFF, 0xA0, 0x00,
    0x00, 0x00, 0x00, 0x00, 0x00, 0x00, 0x00, 0x0B, 0xFF, 0xA0, 0x00, 0x00, 0x00, 0x00, 0x00, 0x00, 0x00, 0x00, 0x0B, 0xFF,
    0xA0, 0x00, 0x00, 0x00, 0x00, 0x00, 0x00, 0x00, 0x00, 0x0B, 0xFF, 0xA0, 0x00, 0x00, 0x00, 0x00, 0x00, 0x00, 0x00, 0x00,
    0x0B, 0xFF, 0xA0, 0x00, 0x00, 0x00, 0x00, 0x00, 0x00, 0x00, 0x00, 0x0B, 0xFF, 0xA0, 0x00, 0x00, 0x00, 0x00, 0x00, 0x00,
    0x00, 0x00, 0x0B, 0xFF, 0xA0, 0x00, 0x00, 0x00, 0x00, 0x34, 0x44, 0x44, 0x44, 0x4C, 0xFF, 0xB4, 0x44, 0x44, 0x44, 0x43,
    0xDF, 0xFF, 0xFF, 0xFF, 0xFF, 0xFF, 0xFF, 0xFF, 0xFF, 0xFF, 0xFC, 0xDF, 0xFF, 0xFF, 0xFF, 0xFF, 0xFF, 0xFF, 0xFF, 0xFF,
    0xFF, 0xFC, 0xBD, 0xDD, 0xDD, 0xDD, 0xDF, 0xFF, 0xED, 0xDD, 0xDD, 0xDD, 0xDA, 0x00, 0x00, 0x00, 0x00, 0x0B, 0xFF, 0xA0,
    0x00, 0x00, 0x00, 0x00, 0x00, 0x00, 0x00, 0x00, 0x0B, 0xFF, 0xA0, 0x00, 0x00, 0x00, 0x00, 0x00, 0x00, 0x00, 0x00, 0x0B,
    0xFF, 0xA0, 0x00, 0x00, 0x00, 0x00, 0x00, 0x00, 0x00, 0x00, 0x0B, 0xFF, 0xA0, 0x00, 0x00, 0x00, 0x00, 0x00, 0x00, 0x00,
    0x00, 0x0B, 0xFF, 0xA0, 0x00, 0x00, 0x00, 0x00, 0x00, 0x00, 0x00, 0x00, 0x0B, 0xFF, 0xA0, 0x00, 0x00, 0x00, 0x00, 0x00,
    0x00, 0x00, 0x00, 0x0B, 0xFF, 0xA0, 0x00, 0x00, 0x00, 0x00, 0x00, 0x00, 0x00, 0x00, 0x0B, 0xFF, 0xA0, 0x00, 0x00, 0x00,
    0x00, 0x00, 0x00, 0x00, 0x00, 0x0B, 0xFF, 0xA0, 0x00, 0x00, 0x00, 0x00, 0x00, 0x00, 0x00, 0x00, 0x01, 0x11, 0x10, 0x00,
    0x00, 0x00, 0x00, 0x0A, 0xBB, 0xB0, 0x0E, 0xFF, 0xF0, 0x0E, 0xFF, 0xF0, 0x0E, 0xFF, 0xF0, 0x0A, 0xBF, 0xF0, 0x00, 0x1F,
    0xE0, 0x00, 0x4F, 0xC0, 0x00, 0x8F, 0x80, 0x02, 0xEF, 0x30, 0x0B, 0xFB, 0x00, 0x08, 0x88, 0x88, 0x88, 0x88, 0x87, 0x1F,
    0xFF, 0xFF, 0xFF, 0xFF, 0xFE, 0x1F, 0xFF, 0xFF, 0xFF, 0xFF, 0xFE, 0x1E, 0xEE, 0xEE, 0xEE, 0xEE, 0xED, 0xBB, 0xBB, 0xFF,
    0xFE, 0xFF, 0xFE, 0xFF, 0xFE, 0xFF, 0xFE, 0x00, 0x00, 0x00, 0x00, 0x8F, 0xFD, 0x00, 0x00, 0x00, 0x00, 0xCF, 0xF9, 0x00,
    0x00, 0x00, 0x02, 0xFF, 0xF5, 0x00, 0x00, 0x00, 0x06, 0xFF, 0xF1, 0x00, 0x00, 0x00, 0x0A, 0xFF, 0xC0, 0x00, 0x00, 0x00,
    0x0E, 0xFF, 0x70, 0x00, 0x00, 0x00, 0x2F, 0xFF, 0x30, 0x00, 0x00, 0x00, 0x5F, 0xFE, 0x00, 0x00, 0x00, 0x00, 0x9F, 0xFA,
    0x00, 0x00, 0x00, 0x00, 0xDF, 0xF5, 0x00, 0x00, 0x00, 0x01, 0xFF, 0xF1, 0x00, 0x00, 0x00, 0x05, 0xFF, 0xC0, 0x00, 0x00,
    0x00, 0x09, 0xFF, 0x80, 0x00, 0x00, 0x00, 0x0E, 0xFF, 0x40, 0x00, 0x00, 0x00, 0x3F, 0xFF, 0x10, 0x00, 0x00, 0x00, 0x7F,
    0xFB, 0x00, 0x00, 0x00, 0x00, 0xBF, 0xF7, 0x00, 0x00, 0x00, 0x00, 0xEF, 0xF3, 0x00, 0x00, 0x00, 0x04, 0xFF, 0xE0, 0x00,
    0x00, 0x00, 0x08, 0xFF, 0xB0, 0x00, 0x00, 0x00, 0x0C, 0xFF, 0x80, 0x00, 0x00, 0x00, 0x1F, 0xFF, 0x40, 0x00, 0x00, 0x00,
    0x5F, 0xFF, 0x10, 0x00, 0x00, 0x00, 0x9F, 0xFD, 0x00, 0x00, 0x00, 0x00, 0xEF, 0xF8, 0x00, 0x00, 0x00, 0x04, 0xFF, 0xF3,
    0x00, 0x00, 0x00, 0x08, 0xFF, 0xE0, 0x00, 0x00, 0x00, 0x0C, 0xFF, 0xA0, 0x00, 0x00, 0x00, 0x1F, 0xFF, 0x60, 0x00, 0x00,
    0x00, 0x5F, 0xFF, 0x20, 0x00, 0x00, 0x00, 0x9F, 0xFD, 0x00, 0x00, 0x00, 0x00, 0xDF, 0xF9, 0x00, 0x00, 0x00, 0x00, 0x00,
    0x00, 0x00, 0x01, 0x69, 0xAB, 0xB9, 0x61, 0x00, 0x00, 0x00, 0x00, 0x00, 0x00, 0x29, 0xFF, 0xFF, 0xFF, 0xFF, 0xF9, 0x10,
    0x00, 0x00, 0x00, 0x00, 0x5E, 0xFF, 0xFF, 0xFF, 0xFF, 0xFF, 0xFD, 0x30, 0x00, 0x00, 0x00, 0x4F, 0xFF, 0xFF, 0xA7, 0x67,
    0xAF, 0xFF, 0xFE, 0x30, 0x00, 0x00, 0x1D, 0xFF, 0xFC, 0x20, 0x00, 0x00, 0x2C, 0xFF, 0xFD, 0x00, 0x00, 0x07, 0xFF, 0xFD,
    0x10, 0x00, 0x00, 0x00, 0x1E, 0xFF, 0xF6, 0x00, 0x00, 0xDF, 0xFF, 0x50, 0x00, 0x00, 0x00, 0x00, 0x6F, 0xFF, 0xD0, 0x00,
    0x4F, 0xFF, 0xC0, 0x00, 0x00, 0x00, 0x00, 0x00, 0xEF, 0xFF, 0x30, 0x09, 0xFF, 0xF6, 0x00, 0x00, 0x00, 0x00, 0x00, 0x09,
    0xFF, 0xF8, 0x00, 0xCF, 0xFF, 0x20, 0x00, 0x00, 0x00, 0x00, 0x00, 0x6F, 0xFF, 0xB0, 0x0E, 0xFF, 0xE0, 0x00, 0x00, 0x00,
    0x00, 0x00, 0x04, 0xFF, 0xFE, 0x01, 0xFF, 0xFC, 0x00, 0x00, 0x00, 0x00, 0x00, 0x00, 0x2F, 0xFF, 0xF1, 0x2F, 0xFF, 0xB0,
    0x00, 0x00, 0x00, 0x00, 0x00, 0x01, 0xFF, 0xFF, 0x23, 0xFF, 0xFA, 0x00, 0x00, 0x00, 0x00, 0x00, 0x00, 0x0F, 0xFF, 0xF3,
    0x4F, 0xFF, 0xA0, 0x00, 0x00, 0x00, 0x00, 0x00, 0x00, 0xEF, 0xFF, 0x34, 0xFF, 0xF9, 0x00, 0x00, 0x00, 0x00, 0x00, 0x00,
    0x0E, 0xFF, 0xF4, 0x4F, 0xFF, 0xA0, 0x00, 0x00, 0x00, 0x00, 0x00, 0x00, 0xEF, 0xFF, 0x44, 0xFF, 0xFA, 0x00, 0x00, 0x00,
    0x00, 0x00, 0x00, 0x0E, 0xFF, 0xF3, 0x3F, 0xFF, 0xB0, 0x00, 0x00, 0x00, 0x00, 0x00, 0x00, 0xFF, 0xFF, 0x21, 0xFF, 0xFC,
    0x00, 0x00, 0x00, 0x00, 0x00, 0x00, 0x2F, 0xFF, 0xF1, 0x0E, 0xFF, 0xE0, 0x00, 0x00, 0x00, 0x00, 0x00, 0x04, 0xFF, 0xFE,
    0x00, 0xCF, 0xFF, 0x20, 0x00, 0x00, 0x00, 0x00, 0x00, 0x6F, 0xFF, 0xB0, 0x09, 0xFF, 0xF6, 0x00, 0x00, 0x00, 0x00, 0x00,
    0x09, 0xFF, 0xF8, 0x00, 0x4F, 0xFF, 0xC0, 0x00, 0x00, 0x00, 0x00, 0x00, 0xEF, 0xFF, 0x30, 0x00, 0xDF, 0xFF, 0x50, 0x00,
    0x00, 0x00, 0x00, 0x6F, 0xFF, 0xD0, 0x00, 0x07, 0xFF, 0xFD, 0x10, 0x00, 0x00, 0x00, 0x1D, 0xFF, 0xF6, 0x00, 0x00, 0x1E,
    0xFF, 0xFB, 0x10, 0x00, 0x00, 0x1C, 0xFF, 0xFD, 0x00, 0x00, 0x00, 0x5F, 0xFF, 0xFD, 0x74, 0x34, 0x8E, 0xFF, 0xFF, 0x30,
    0x00, 0x00, 0x00, 0x7F, 0xFF, 0xFF, 0xFF, 0xFF, 0xFF, 0xFE, 0x30, 0x00, 0x00, 0x00, 0x00, 0x3C, 0xFF, 0xFF, 0xFF, 0xFF,
    0xFB, 0x20, 0x00, 0x00, 0x00, 0x00, 0x00, 0x04, 0x9D, 0xEF, 0xEC, 0x93, 0x00, 0x00, 0x00, 0x00, 0x00, 0x00, 0x00, 0x00,
    0x24, 0x44, 0x10, 0x00, 0x00, 0x00, 0x00, 0x00, 0x00, 0x07, 0xFF, 0xFF, 0x30, 0x00, 0x00, 0x00, 0x00, 0x00, 0x02, 0xCF,
    0xFF, 0xFF, 0x30, 0x00, 0x00, 0x00, 0x00, 0x00, 0x7E, 0xFF, 0xFF, 0xFF, 0x30, 0x00, 0x00, 0x00, 0x00, 0x4D, 0xFF, 0xFE,
    0xDF, 0xFF, 0x30, 0x00, 0x00, 0x00, 0x08, 0xFF, 0xFF, 0xB1, 0xAF, 0xFF, 0x30, 0x00, 0x00, 0x00, 0x0B, 0xFF, 0xE6, 0x00,
    0xAF, 0xFF, 0x30, 0x00, 0x00, 0x00, 0x0B, 0xFB, 0x20, 0x00, 0xAF, 0xFF, 0x30, 0x00, 0x00, 0x00, 0x0B, 0x50, 0x00, 0x00,
    0xAF, 0xFF, 0x30, 0x00, 0x00, 0x00, 0x01, 0x00, 0x00, 0x00, 0xAF, 0xFF, 0x30, 0x00, 0x00, 0x00, 0x00, 0x00, 0x00, 0x00,
    0xAF, 0xFF, 0x30, 0x00, 0x00, 0x00, 0x00, 0x00, 0x00, 0x00, 0xAF, 0xFF, 0x30, 0x00, 0x00, 0x00, 0x00, 0x00, 0x00, 0x00,
    0xAF, 0xFF, 0x30, 0x00, 0x00, 0x00, 0x00, 0x00, 0x00, 0x00, 0xAF, 0xFF, 0x30, 0x00, 0x00, 0x00, 0x00, 0x00, 0x00, 0x00,
    0xAF, 0xFF, 0x30, 0x00, 0x00, 0x00, 0x00, 0x00, 0x00, 0x00, 0xAF, 0xFF, 0x30, 0x00, 0x00, 0x00, 0x00, 0x00, 0x00, 0x00,
    0xAF, 0xFF, 0x30, 0x00, 0x00, 0x00, 0x00, 0x00, 0x00, 0x00, 0xAF, 0xFF, 0x30, 0x00, 0x00, 0x00, 0x00, 0x00, 0x00, 0x00,
    0xAF, 0xFF, 0x30, 0x00, 0x00, 0x00, 0x00, 0x00, 0x00, 0x00, 0xAF, 0xFF, 0x30, 0x00, 0x00, 0x00, 0x00, 0x00, 0x00, 0x00,
    0xAF, 0xFF, 0x30, 0x00, 0x00, 0x00, 0x00, 0x00, 0x00, 0x00, 0xAF, 0xFF, 0x30, 0x00, 0x00, 0x00, 0x00, 0x00, 0x00, 0x00,
    0xAF, 0xFF, 0x30, 0x00, 0x00, 0x00, 0x00, 0x00, 0x00, 0x00, 0xAF, 0xFF, 0x30, 0x00, 0x00, 0x00, 0x00, 0x00, 0x00, 0x00,
    0xAF, 0xFF, 0x30, 0x00, 0x00, 0x00, 0x00, 0x00, 0x00, 0x00, 0xAF, 0xFF, 0x30, 0x00, 0x00, 0x00, 0x00, 0x00, 0x00, 0x00,
    0xAF, 0xFF, 0x30, 0x00, 0x00, 0x00, 0x34, 0x44, 0x44, 0x44, 0xCF, 0xFF, 0x74, 0x44, 0x44, 0x44, 0xAF, 0xFF, 0xFF, 0xFF,
    0xFF, 0xFF, 0xFF, 0xFF, 0xFF, 0xFC, 0xAF, 0xFF, 0xFF, 0xFF, 0xFF, 0xFF, 0xFF, 0xFF, 0xFF, 0xFC, 0xAF, 0xFF, 0xFF, 0xFF,
    0xFF, 0xFF, 0xFF, 0xFF, 0xFF, 0xFC, 0x00, 0x00, 0x00, 0x26, 0x9B, 0xBB, 0x97, 0x30, 0x00, 0x00, 0x00, 0x00, 0x03, 0xBF,
    0xFF, 0xFF, 0xFF, 0xFF, 0xD5, 0x00, 0x00, 0x00, 0x09, 0xFF, 0xFF, 0xFF, 0xFF, 0xFF, 0xFF, 0xFB, 0x10, 0x00, 0x0A, 0xFF,
    0xFF, 0xFB, 0x87, 0x7A, 0xEF, 0xFF, 0xFC, 0x00, 0x06, 0xFF, 0xFF, 0xB2, 0x00, 0x00, 0x01, 0xBF, 0xFF, 0xF6, 0x00, 0xDF,
    0xFF, 0xB0, 0x00, 0x00, 0x00, 0x00, 0xCF, 0xFF, 0xC0, 0x4F, 0xFF, 0xF2, 0x00, 0x00, 0x00, 0x00, 0x05, 0xFF, 0xFF, 0x18,
    0xFF, 0xFB, 0x00, 0x00, 0x00, 0x00, 0x00, 0x1F, 0xFF, 0xF3, 0x24, 0x67, 0x40, 0x00, 0x00, 0x00, 0x00, 0x00, 0xEF, 0xFF,
    0x40, 0x00, 0x00, 0x00, 0x00, 0x00, 0x00, 0x00, 0x0F, 0xFF, 0xF3, 0x00, 0x00, 0x00, 0x00, 0x00, 0x00, 0x00, 0x03, 0xFF,
    0xFF, 0x10, 0x00, 0x00, 0x00, 0x00, 0x00, 0x00, 0x00, 0x8F, 0xFF, 0xB0, 0x00, 0x00, 0x00, 0x00, 0x00, 0x00, 0x00, 0x2E,
    0xFF, 0xF4, 0x00, 0x00, 0x00, 0x00, 0x00, 0x00, 0x00, 0x1C, 0xFF, 0xFA, 0x00, 0x00, 0x00, 0x00, 0x00, 0x00, 0x00, 0x0B,
    0xFF, 0xFD, 0x10, 0x00, 0x00, 0x00, 0x00, 0x00, 0x00, 0x1B, 0xFF, 0xFC, 0x10, 0x00, 0x00, 0x00, 0x00, 0x00, 0x00, 0x2C,
    0xFF, 0xFC, 0x10, 0x00, 0x00, 0x00, 0x00, 0x00, 0x00, 0x4E, 0xFF, 0xFB, 0x10, 0x00, 0x00, 0x00, 0x00, 0x00, 0x00, 0x6F,
    0xFF, 0xFA, 0x00, 0x00, 0x00, 0x00, 0x00, 0x00, 0x00, 0x8F, 0xFF, 0xF7, 0x00, 0x00, 0x00, 0x00, 0x00, 0x00, 0x00, 0xAF,
    0xFF, 0xE5, 0x00, 0x00, 0x00, 0x00, 0x00, 0x00, 0x01, 0xBF, 0xFF, 0xD3, 0x00, 0x00, 0x00, 0x00, 0x00, 0x00, 0x01, 0xCF,
    0xFF, 0xC2, 0x00, 0x00, 0x00, 0x00, 0x00, 0x00, 0x01, 0xCF, 0xFF, 0xC1, 0x00, 0x00, 0x00, 0x00, 0x00, 0x00, 0x00, 0x9F,
    0xFF, 0xD1, 0x00, 0x00, 0x00, 0x00, 0x00, 0x00, 0x00, 0x5F, 0xFF, 0xE2, 0x00, 0x00, 0x00, 0x00, 0x00, 0x00, 0x00, 0x0D,
    0xFF, 0xF6, 0x00, 0x00, 0x00, 0x00, 0x00, 0x00, 0x00, 0x06, 0xFF, 0xFD, 0x44, 0x44, 0x44, 0x44, 0x44, 0x44, 0x44, 0x43,
    0xCF, 0xFF, 0xFF, 0xFF, 0xFF, 0xFF, 0xFF, 0xFF, 0xFF, 0xFF, 0xBC, 0xFF, 0xFF, 0xFF, 0xFF, 0xFF, 0xFF, 0xFF, 0xFF, 0xFF,
    0xFB, 0xCF, 0xFF, 0xFF, 0xFF, 0xFF, 0xFF, 0xFF, 0xFF, 0xFF, 0xFF, 0xB0, 0x00, 0x00, 0x00, 0x03, 0x79, 0xBB, 0xB9, 0x73,
    0x00, 0x00, 0x00, 0x00, 0x00, 0x00, 0x6C, 0xFF, 0xFF, 0xFF, 0xFF, 0xFC, 0x40, 0x00, 0x00, 0x00, 0x02, 0xCF, 0xFF, 0xFF,
    0xFF, 0xFF, 0xFF, 0xFF, 0xA1, 0x00, 0x00, 0x01, 0xDF, 0xFF, 0xFE, 0x97, 0x78, 0xBF, 0xFF, 0xFF, 0xB0, 0x00, 0x00, 0x9F,
    0xFF, 0xF8, 0x10, 0x00, 0x00, 0x2C, 0xFF, 0xFF, 0x50, 0x00, 0x2F, 0xFF, 0xF7, 0x00, 0x00, 0x00, 0x00, 0x1D, 0xFF, 0xFC,
    0x00, 0x07, 0xFF, 0xFC, 0x00, 0x00, 0x00, 0x00, 0x00, 0x6F, 0xFF, 0xF1, 0x00, 0xAF, 0xFF, 0x50, 0x00, 0x00, 0x00, 0x00,
    0x02, 0xFF, 0xFF, 0x20, 0x00, 0x01, 0x20, 0x00, 0x00, 0x00, 0x00, 0x00, 0x1F, 0xFF, 0xF3, 0x00, 0x00, 0x00, 0x00, 0x00,
    0x00, 0x00, 0x00, 0x02, 0xFF, 0xFF, 0x10, 0x00, 0x00, 0x00, 0x00, 0x00, 0x00, 0x00, 0x00, 0x6F, 0xFF, 0xD0, 0x00, 0x00,
    0x00, 0x00, 0x00, 0x00, 0x00, 0x00, 0x1D, 0xFF, 0xF7, 0x00, 0x00, 0x00, 0x00, 0x00, 0x00, 0x00, 0x00, 0x3D, 0xFF, 0xFC,
    0x00, 0x00, 0x00, 0x00, 0x00, 0x03, 0x44, 0x57, 0xBF, 0xFF, 0xFA, 0x10, 0x00, 0x00, 0x00, 0x00, 0x00, 0xCF, 0xFF, 0xFF,
    0xFF, 0xB4, 0x00, 0x00, 0x00, 0x00, 0x00, 0x00, 0x0C, 0xFF, 0xFF, 0xFE, 0x84, 0x00, 0x00, 0x00, 0x00, 0x00, 0x00, 0x00,
    0xCF, 0xFF, 0xFF, 0xFF, 0xFD, 0x71, 0x00, 0x00, 0x00, 0x00, 0x00, 0x01, 0x22, 0x24, 0x7B, 0xFF, 0xFF, 0xD2, 0x00, 0x00,
    0x00, 0x00, 0x00, 0x00, 0x00, 0x00, 0x04, 0xEF, 0xFF, 0xC0, 0x00, 0x00, 0x00, 0x00, 0x00, 0x00, 0x00, 0x00, 0x02, 0xEF,
    0xFF, 0x60, 0x00, 0x00, 0x00, 0x00, 0x00, 0x00, 0x00, 0x00, 0x09, 0xFF, 0xFC, 0x00, 0x00, 0x00, 0x00, 0x00, 0x00, 0x00,
    0x00, 0x00, 0x5F, 0xFF, 0xF0, 0x01, 0x23, 0x30, 0x00, 0x00, 0x00, 0x00, 0x00, 0x04, 0xFF, 0xFF, 0x03, 0xFF, 0xFD, 0x00,
    0x00, 0x00, 0x00, 0x00, 0x00, 0x5F, 0xFF, 0xF0, 0x0E, 0xFF, 0xF5, 0x00, 0x00, 0x00, 0x00, 0x00, 0x0A, 0xFF, 0xFC, 0x00,
    0xAF, 0xFF, 0xE2, 0x00, 0x00, 0x00, 0x00, 0x03, 0xFF, 0xFF, 0x80, 0x03, 0xFF, 0xFF, 0xD3, 0x00, 0x00, 0x00, 0x03, 0xDF,
    0xFF, 0xF2, 0x00, 0x07, 0xFF, 0xFF, 0xFA, 0x64, 0x34, 0x6B, 0xFF, 0xFF, 0xF7, 0x00, 0x00, 0x08, 0xFF, 0xFF, 0xFF, 0xFF,
    0xFF, 0xFF, 0xFF, 0xF9, 0x00, 0x00, 0x00, 0x05, 0xCF, 0xFF, 0xFF, 0xFF, 0xFF, 0xFF, 0xC4, 0x00, 0x00, 0x00, 0x00, 0x00,
    0x38, 0xBD, 0xFF, 0xFD, 0xB8, 0x30, 0x00, 0x00, 0x00, 0x00, 0x00, 0x00, 0x00, 0x00, 0x00, 0x00, 0x44, 0x44, 0x10, 0x00,
    0x00, 0x00, 0x00, 0x00, 0x00, 0x00, 0x00, 0x6F, 0xFF, 0xF4, 0x00, 0x00, 0x00, 0x00, 0x00, 0x00, 0x00, 0x00, 0x2E, 0xFF,
    0xFF, 0x40, 0x00, 0x00, 0x00, 0x00, 0x00, 0x00, 0x00, 0x0B, 0xFF, 0xFF, 0xF4, 0x00, 0x00, 0x00, 0x00, 0x00, 0x00, 0x00,
    0x07, 0xFF, 0xFF, 0xFF, 0x40, 0x00, 0x00, 0x00, 0x00, 0x00, 0x00, 0x02, 0xEF, 0xFC, 0xFF, 0xF4, 0x00, 0x00, 0x00, 0x00,
    0x00, 0x00, 0x00, 0xCF, 0xFC, 0x7F, 0xFF, 0x40, 0x00, 0x00, 0x00, 0x00, 0x00, 0x00, 0x7F, 0xFF, 0x37, 0xFF, 0xF4, 0x00,
    0x00, 0x00, 0x00, 0x00, 0x00, 0x3F, 0xFF, 0x80, 0x7F, 0xFF, 0x40, 0x00, 0x00, 0x00, 0x00, 0x00, 0x0C, 0xFF, 0xC0, 0x07,
    0xFF, 0xF4, 0x00, 0x00, 0x00, 0x00, 0x00, 0x08, 0xFF, 0xF3, 0x00, 0x7F, 0xFF, 0x40, 0x00, 0x00, 0x00, 0x00, 0x03, 0xFF,
    0xF7, 0x00, 0x07, 0xFF, 0xF4, 0x00, 0x00, 0x00, 0x00, 0x01, 0xDF, 0xFB, 0x00, 0x00, 0x7F, 0xFF, 0x40, 0x00, 0x00, 0x00,
    0x00, 0xBF, 0xFE, 0x20, 0x00, 0x07, 0xFF, 0xF4, 0x00, 0x00, 0x00, 0x00, 0x8F, 0xFF, 0x60, 0x00, 0x00, 0x7F, 0xFF, 0x40,
    0x00, 0x00, 0x00, 0x3F, 0xFF, 0xB0, 0x00, 0x00, 0x07, 0xFF, 0xF4, 0x00, 0x00, 0x00, 0x1D, 0xFF, 0xE2, 0x00, 0x00, 0x00,
    0x7F, 0xFF, 0x40, 0x00, 0x00, 0x08, 0xFF, 0xF5, 0x00, 0x00, 0x00, 0x07, 0xFF, 0xF4, 0x00, 0x00, 0x04, 0xFF, 0xF8, 0x00,
    0x00, 0x00, 0x00, 0x7F, 0xFF, 0x40, 0x00, 0x01, 0xDF, 0xFB, 0x00, 0x00, 0x00, 0x00, 0x07, 0xFF, 0xF4, 0x00, 0x00, 0x9F,
    0xFD, 0x10, 0x00, 0x00, 0x00, 0x00, 0x7F, 0xFF, 0x40, 0x00, 0x0F, 0xFF, 0xFF, 0xFF, 0xFF, 0xFF, 0xFF, 0xFF, 0xFF, 0xFF,
    0xFF, 0xFA, 0xFF, 0xFF, 0xFF, 0xFF, 0xFF, 0xFF, 0xFF, 0xFF, 0xFF, 0xFF, 0xFF, 0xAF, 0xFF, 0xFF, 0xFF, 0xFF, 0xFF, 0xFF,
    0xFF, 0xFF, 0xFF, 0xFF, 0xFA, 0x11, 0x11, 0x11, 0x11, 0x11, 0x11, 0x11, 0x8F, 0xFF, 0x41, 0x11, 0x10, 0x00, 0x00, 0x00,
    0x00, 0x00, 0x00, 0x07, 0xFF, 0xF4, 0x00, 0x00, 0x00, 0x00, 0x00, 0x00, 0x00, 0x00, 0x00, 0x7F, 0xFF, 0x40, 0x00, 0x00,
    0x00, 0x00, 0x00, 0x00, 0x00, 0x00, 0x07, 0xFF, 0xF4, 0x00, 0x00, 0x00, 0x00, 0x00, 0x00, 0x00, 0x00, 0x00, 0x7F, 0xFF,
    0x40, 0x00, 0x00, 0x00, 0x00, 0x00, 0x00, 0x00, 0x00, 0x07, 0xFF, 0xF4, 0x00, 0x00, 0x00, 0x00, 0x00, 0x00, 0x00, 0x00,
    0x00, 0x7F, 0xFF, 0x40, 0x00, 0x00, 0x00, 0x14, 0x44, 0x44, 0x44, 0x44, 0x44, 0x44, 0x44, 0x44, 0x10, 0x00, 0x06, 0xFF,
    0xFF, 0xFF, 0xFF, 0xFF, 0xFF, 0xFF, 0xFF, 0xF5, 0x00, 0x00, 0x7F, 0xFF, 0xFF, 0xFF, 0xFF, 0xFF, 0xFF, 0xFF, 0xFF, 0x50,
    0x00, 0x08, 0xFF, 0xFF, 0xFF, 0xFF, 0xFF, 0xFF, 0xFF, 0xFF, 0xF5, 0x00, 0x00, 0x9F, 0xFF, 0x61, 0x11, 0x11, 0x11, 0x11,
    0x11, 0x11, 0x00, 0x00, 0x0A, 0xFF, 0xF5, 0x00, 0x00, 0x00, 0x00, 0x00, 0x00, 0x00, 0x00, 0x00, 0xBF, 0xFF, 0x40, 0x00,
    0x00, 0x00, 0x00, 0x00, 0x00, 0x00, 0x00, 0x0C, 0xFF, 0xF3, 0x00, 0x00, 0x00, 0x00, 0x00, 0x00, 0x00, 0x00, 0x00, 0xDF,
    0xFF, 0x20, 0x00, 0x00, 0x00, 0x00, 0x00, 0x00, 0x00, 0x00, 0x0E, 0xFF, 0xF1, 0x00, 0x00, 0x00, 0x00, 0x00, 0x00, 0x00,
    0x00, 0x00, 0xFF, 0xFF, 0x00, 0x00, 0x00, 0x00, 0x00, 0x00, 0x00, 0x00, 0x00, 0x0F, 0xFF, 0xE0, 0x00, 0x36, 0x77, 0x64,
    0x10, 0x00, 0x00, 0x00, 0x01, 0xFF, 0xFD, 0x18, 0xEF, 0xFF, 0xFF, 0xFF, 0xA3, 0x00, 0x00, 0x00, 0x2F, 0xFF, 0xEE, 0xFF,
    0xFF, 0xFF, 0xFF, 0xFF, 0xF9, 0x10, 0x00, 0x03, 0xFF, 0xFF, 0xFF, 0xFD, 0xBA, 0xBE, 0xFF, 0xFF, 0xFC, 0x10, 0x00, 0x4F,
    0xFF, 0xFF, 0x82, 0x00, 0x00, 0x05, 0xDF, 0xFF, 0xF9, 0x00, 0x04, 0xCC, 0xCC, 0x30, 0x00, 0x00, 0x00, 0x01, 0xCF, 0xFF,
    0xF3, 0x00, 0x00, 0x00, 0x00, 0x00, 0x00, 0x00, 0x00, 0x02, 0xEF, 0xFF, 0x90, 0x00, 0x00, 0x00, 0x00, 0x00, 0x00, 0x00,
    0x00, 0x09, 0xFF, 0xFD, 0x00, 0x00, 0x00, 0x00, 0x00, 0x00, 0x00, 0x00, 0x00, 0x5F, 0xFF, 0xF0, 0x00, 0x00, 0x00, 0x00,
    0x00, 0x00, 0x00, 0x00, 0x03, 0xFF, 0xFF, 0x20, 0x00, 0x00, 0x00, 0x00, 0x00, 0x00, 0x00, 0x00, 0x2F, 0xFF, 0xF2, 0x00,
    0x00, 0x00, 0x00, 0x00, 0x00, 0x00, 0x00, 0x04, 0xFF, 0xFF, 0x11, 0x35, 0x66, 0x00, 0x00, 0x00, 0x00, 0x00, 0x00, 0x7F,
    0xFF, 0xD0, 0x1F, 0xFF, 0xF2, 0x00, 0x00, 0x00, 0x00, 0x00, 0x0D, 0xFF, 0xF9, 0x00, 0xBF, 0xFF, 0xC1, 0x00, 0x00, 0x00,
    0x00, 0x08, 0xFF, 0xFF, 0x30, 0x04, 0xFF, 0xFF, 0xC1, 0x00, 0x00, 0x00, 0x08, 0xFF, 0xFF, 0xA0, 0x00, 0x0A, 0xFF, 0xFF,
    0xE9, 0x53, 0x34, 0x7D, 0xFF, 0xFF, 0xD1, 0x00, 0x00, 0x0A, 0xFF, 0xFF, 0xFF, 0xFF, 0xFF, 0xFF, 0xFF, 0xC2, 0x00, 0x00,
    0x00, 0x07, 0xEF, 0xFF, 0xFF, 0xFF, 0xFF, 0xFE, 0x60, 0x00, 0x00, 0x00, 0x00, 0x00, 0x49, 0xCE, 0xFF, 0xEC, 0x95, 0x00,
    0x00, 0x00, 0x00, 0x00, 0x00, 0x00, 0x01, 0x69, 0xBB, 0xA8, 0x51, 0x00, 0x00, 0x00, 0x00, 0x00, 0x01, 0x9F, 0xFF, 0xFF,
    0xFF, 0xFE, 0x70, 0x00, 0x00, 0x00, 0x00, 0x3D, 0xFF, 0xFF, 0xFF, 0xFF, 0xFF, 0xFC, 0x20, 0x00, 0x00, 0x04, 0xEF, 0xFF,
    0xFA, 0x76, 0x8C, 0xFF, 0xFF, 0xC0, 0x00, 0x00, 0x1D, 0xFF, 0xFC, 0x20, 0x00, 0x00, 0x6F, 0xFF, 0xF7, 0x00, 0x00, 0x8F,
    0xFF, 0xC1, 0x00, 0x00, 0x00, 0x07, 0xFF, 0xFD, 0x00, 0x01, 0xEF, 0xFF, 0x30, 0x00, 0x00, 0x00, 0x01, 0xED, 0xB8, 0x10,
    0x07, 0xFF, 0xF9, 0x00, 0x00, 0x00, 0x00, 0x00, 0x00, 0x00, 0x00, 0x0C, 0xFF, 0xF3, 0x00, 0x00, 0x00, 0x00, 0x00, 0x00,
    0x00, 0x00, 0x1F, 0xFF, 0xD0, 0x00, 0x00, 0x00, 0x00, 0x00, 0x00, 0x00, 0x00, 0x4F, 0xFF, 0x90, 0x00, 0x00, 0x00, 0x00,
    0x00, 0x00, 0x00, 0x00, 0x7F, 0xFF, 0x60, 0x00, 0x48, 0xAB, 0xB9, 0x61, 0x00, 0x00, 0x00, 0x9F, 0xFF, 0x40, 0x3C, 0xFF,
    0xFF, 0xFF, 0xFF, 0x81, 0x00, 0x00, 0xAF, 0xFF, 0x35, 0xFF, 0xFF, 0xFF, 0xFF, 0xFF, 0xFE, 0x40, 0x00, 0xBF, 0xFF, 0x6F,
    0xFE, 0x95, 0x44, 0x7C, 0xFF, 0xFF, 0xE2, 0x00, 0xBF, 0xFF, 0xFF, 0xB1, 0x00, 0x00, 0x00, 0x6F, 0xFF, 0xFB, 0x00, 0xBF,
    0xFF, 0xFC, 0x00, 0x00, 0x00, 0x00, 0x06, 0xFF, 0xFF, 0x40, 0xBF, 0xFF, 0xF3, 0x00, 0x00, 0x00, 0x00, 0x00, 0xCF, 0xFF,
    0x90, 0xAF, 0xFF, 0xD0, 0x00, 0x00, 0x00, 0x00, 0x00, 0x7F, 0xFF, 0xC0, 0x9F, 0xFF, 0xA0, 0x00, 0x00, 0x00, 0x00, 0x00,
    0x4F, 0xFF, 0xE0, 0x7F, 0xFF, 0xA0, 0x00, 0x00, 0x00, 0x00, 0x00, 0x3F, 0xFF, 0xF0, 0x5F, 0xFF, 0xB0, 0x00, 0x00, 0x00,
    0x00, 0x00, 0x2F, 0xFF, 0xF0, 0x2F, 0xFF, 0xE0, 0x00, 0x00, 0x00, 0x00, 0x00, 0x4F, 0xFF, 0xE0, 0x0D, 0xFF, 0xF4, 0x00,
    0x00, 0x00, 0x00, 0x00, 0x7F, 0xFF, 0xC0, 0x07, 0xFF, 0xFB, 0x00, 0x00, 0x00, 0x00, 0x00, 0xCF, 0xFF, 0x80, 0x01, 0xEF,
    0xFF, 0x50, 0x00, 0x00, 0x00, 0x06, 0xFF, 0xFF, 0x30, 0x00, 0x7F, 0xFF, 0xE4, 0x00, 0x00, 0x00, 0x4E, 0xFF, 0xFA, 0x00,
    0x00, 0x0C, 0xFF, 0xFF, 0xA4, 0x22, 0x5A, 0xFF, 0xFF, 0xE2, 0x00, 0x00, 0x01, 0xCF, 0xFF, 0xFF, 0xFF, 0xFF, 0xFF, 0xFE,
    0x30, 0x00, 0x00, 0x00, 0x07, 0xEF, 0xFF, 0xFF, 0xFF, 0xFF, 0x91, 0x00, 0x00, 0x00, 0x00, 0x00, 0x17, 0xBD, 0xFF, 0xEB,
    0x82, 0x00, 0x00, 0x00, 0x34, 0x44, 0x44, 0x44, 0x44, 0x44, 0x44, 0x44, 0x44, 0x44, 0x3B, 0xFF, 0xFF, 0xFF, 0xFF, 0xFF,
    0xFF, 0xFF, 0xFF, 0xFF, 0xFB, 0xBF, 0xFF, 0xFF, 0xFF, 0xFF, 0xFF, 0xFF, 0xFF, 0xFF, 0xFF, 0xBB, 0xFF, 0xFF, 0xFF, 0xFF,
    0xFF, 0xFF, 0xFF, 0xFF, 0xFF, 0xFB, 0x01, 0x11, 0x11, 0x11, 0x11, 0x11, 0x11, 0x11, 0x9F, 0xFF, 0x50, 0x00, 0x00, 0x00,
    0x00, 0x00, 0x00, 0x00, 0x3F, 0xFF, 0xB0, 0x00, 0x00, 0x00, 0x00, 0x00, 0x00, 0x00, 0x0D, 0xFF, 0xE2, 0x00, 0x00, 0x00,
    0x00, 0x00, 0x00, 0x00, 0x08, 0xFF, 0xF7, 0x00, 0x00, 0x00, 0x00, 0x00, 0x00, 0x00, 0x03, 0xFF, 0xFB, 0x00, 0x00, 0x00,
    0x00, 0x00, 0x00, 0x00, 0x00, 0xBF, 0xFE, 0x10, 0x00, 0x00, 0x00, 0x00, 0x00, 0x00, 0x00, 0x5F, 0xFF, 0x60, 0x00, 0x00,
    0x00, 0x00, 0x00, 0x00, 0x00, 0x1D, 0xFF, 0xC0, 0x00, 0x00, 0x00, 0x00, 0x00, 0x00, 0x00, 0x07, 0xFF, 0xF4, 0x00, 0x00,
    0x00, 0x00, 0x00, 0x00, 0x00, 0x01, 0xEF, 0xFB, 0x00, 0x00, 0x00, 0x00, 0x00, 0x00, 0x00, 0x00, 0x8F, 0xFF, 0x30, 0x00,
    0x00, 0x00, 0x00, 0x00, 0x00, 0x00, 0x1E, 0xFF, 0xB0, 0x00, 0x00, 0x00, 0x00, 0x00, 0x00, 0x00, 0x07, 0xFF, 0xF4, 0x00,
    0x00, 0x00, 0x00, 0x00, 0x00, 0x00, 0x00, 0xEF, 0xFD, 0x00, 0x00, 0x00, 0x00, 0x00, 0x00, 0x00, 0x00, 0x5F, 0xFF, 0x70,
    0x00, 0x00, 0x00, 0x00, 0x00, 0x00, 0x00, 0x0B, 0xFF, 0xF2, 0x00, 0x00, 0x00, 0x00, 0x00, 0x00, 0x00, 0x01, 0xFF, 0xFC,
    0x00, 0x00, 0x00, 0x00, 0x00, 0x00, 0x00, 0x00, 0x6F, 0xFF, 0x70, 0x00, 0x00, 0x00, 0x00, 0x00, 0x00, 0x00, 0x0A, 0xFF,
    0xF3, 0x00, 0x00, 0x00, 0x00, 0x00, 0x00, 0x00, 0x00, 0xEF, 0xFE, 0x00, 0x00, 0x00, 0x00, 0x00, 0x00, 0x00, 0x00, 0x3F,
    0xFF, 0xB0, 0x00, 0x00, 0x00, 0x00, 0x00, 0x00, 0x00, 0x06, 0xFF, 0xF9, 0x00, 0x00, 0x00, 0x00, 0x00, 0x00, 0x00, 0x00,
    0x8F, 0xFF, 0x60, 0x00, 0x00, 0x00, 0x00, 0x00, 0x00, 0x00, 0x0A, 0xFF, 0xF5, 0x00, 0x00, 0x00, 0x00, 0x00, 0x00, 0x00,
    0x00, 0xCF, 0xFF, 0x30, 0x00, 0x00, 0x00, 0x00, 0x00, 0x00, 0x00, 0x0D, 0xFF, 0xF3, 0x00, 0x00, 0x00, 0x00, 0x00, 0x00,
    0x00, 0x00, 0xDF, 0xFF, 0x20, 0x00, 0x00, 0x00, 0x00, 0x00, 0x00, 0x00, 0x00, 0x03, 0x79, 0xBB, 0xB9, 0x73, 0x00, 0x00,
    0x00, 0x00, 0x00, 0x00, 0x6C, 0xFF, 0xFF, 0xFF, 0xFF, 0xFC, 0x40, 0x00, 0x00, 0x00, 0x01, 0xCF, 0xFF, 0xFF, 0xFF, 0xFF,
    0xFF, 0xFF, 0xA1, 0x00, 0x00, 0x00, 0xCF, 0xFF, 0xFA, 0x53, 0x23, 0x5B, 0xFF, 0xFF, 0xC0, 0x00, 0x00, 0x8F, 0xFF, 0xE4,
    0x00, 0x00, 0x00, 0x05, 0xFF, 0xFF, 0x70, 0x00, 0x0E, 0xFF, 0xF7, 0x00, 0x00, 0x00, 0x00, 0x09, 0xFF, 0xFD, 0x00, 0x03,
    0xFF, 0xFF, 0x10, 0x00, 0x00, 0x00, 0x00, 0x3F, 0xFF, 0xF2, 0x00, 0x5F, 0xFF, 0xC0, 0x00, 0x00, 0x00, 0x00, 0x00, 0xFF,
    0xFF, 0x40, 0x05, 0xFF, 0xFC, 0x00, 0x00, 0x00, 0x00, 0x00, 0x0F, 0xFF, 0xF4, 0x00, 0x3F, 0xFF, 0xE0, 0x00, 0x00, 0x00,
    0x00, 0x01, 0xFF, 0xFF, 0x20, 0x00, 0xEF, 0xFF, 0x40, 0x00, 0x00, 0x00, 0x00, 0x5F, 0xFF, 0xD0, 0x00, 0x08, 0xFF, 0xFB,
    0x00, 0x00, 0x00, 0x00, 0x0C, 0xFF, 0xF7, 0x00, 0x00, 0x1D, 0xFF, 0xFB, 0x20, 0x00, 0x00, 0x1A, 0xFF, 0xFC, 0x00, 0x00,
    0x00, 0x2C, 0xFF, 0xFF, 0xB8, 0x88, 0xBF, 0xFF, 0xFB, 0x10, 0x00, 0x00, 0x00, 0x06, 0xBF, 0xFF, 0xFF, 0xFF, 0xFE, 0xA4,
    0x00, 0x00, 0x00, 0x00, 0x02, 0x8C, 0xFF, 0xFF, 0xFF, 0xFF, 0xFC, 0x71, 0x00, 0x00, 0x00, 0x06, 0xEF, 0xFF, 0xD9, 0x76,
    0x79, 0xDF, 0xFF, 0xF7, 0x00, 0x00, 0x06, 0xFF, 0xFF, 0x60, 0x00, 0x00, 0x00, 0x6E, 0xFF, 0xF7, 0x00, 0x02, 0xEF, 0xFF,
    0x50, 0x00, 0x00, 0x00, 0x00, 0x4F, 0xFF, 0xF2, 0x00, 0x9F, 0xFF, 0x90, 0x00, 0x00, 0x00, 0x00, 0x00, 0xAF, 0xFF, 0x90,
    0x0D, 0xFF, 0xF2, 0x00, 0x00, 0x00, 0x00, 0x00, 0x06, 0xFF, 0xFD, 0x01, 0xFF, 0xFE, 0x00, 0x00, 0x00, 0x00, 0x00, 0x00,
    0x4F, 0xFF, 0xF0, 0x1F, 0xFF, 0xE0, 0x00, 0x00, 0x00, 0x00, 0x00, 0x03, 0xFF, 0xFF, 0x10, 0xFF, 0xFF, 0x10, 0x00, 0x00,
    0x00, 0x00, 0x00, 0x5F, 0xFF, 0xF0, 0x0D, 0xFF, 0xF6, 0x00, 0x00, 0x00, 0x00, 0x00, 0x08, 0xFF, 0xFC, 0x00, 0x8F, 0xFF,
    0xD1, 0x00, 0x00, 0x00, 0x00, 0x01, 0xEF, 0xFF, 0x80, 0x02, 0xFF, 0xFF, 0xB1, 0x00, 0x00, 0x00, 0x00, 0xAF, 0xFF, 0xF2,
    0x00, 0x07, 0xFF, 0xFF, 0xD6, 0x20, 0x00, 0x15, 0xCF, 0xFF, 0xF7, 0x00, 0x00, 0x08, 0xFF, 0xFF, 0xFF, 0xEE, 0xEF, 0xFF,
    0xFF, 0xF8, 0x00, 0x00, 0x00, 0x05, 0xCF, 0xFF, 0xFF, 0xFF, 0xFF, 0xFF, 0xB4, 0x00, 0x00, 0x00, 0x00, 0x00, 0x38, 0xBD,
    0xFF, 0xFD, 0xB8, 0x30, 0x00, 0x00, 0x00, 0x00, 0x00, 0x00, 0x37, 0x9B, 0xBA, 0x85, 0x00, 0x00, 0x00, 0x00, 0x00, 0x05,
    0xCF, 0xFF, 0xFF, 0xFF, 0xFE, 0x60, 0x00, 0x00, 0x00, 0x1A, 0xFF, 0xFF, 0xFF, 0xFF, 0xFF, 0xFF, 0xA1, 0x00, 0x00, 0x0B,
    0xFF, 0xFF, 0xE9, 0x76, 0x8C, 0xFF, 0xFF, 0xC1, 0x00, 0x07, 0xFF, 0xFF, 0xA1, 0x00, 0x00, 0x06, 0xFF, 0xFF, 0x90, 0x01,
    0xEF, 0xFF, 0xB0, 0x00, 0x00, 0x00, 0x06, 0xFF, 0xFF, 0x20, 0x5F, 0xFF, 0xE2, 0x00, 0x00, 0x00, 0x00, 0x0B, 0xFF, 0xF8,
    0x0A, 0xFF, 0xF8, 0x00, 0x00, 0x00, 0x00, 0x00, 0x3F, 0xFF, 0xE0, 0xCF, 0xFF, 0x30, 0x00, 0x00, 0x00, 0x00, 0x00, 0xDF,
    0xFF, 0x4E, 0xFF, 0xF1, 0x00, 0x00, 0x00, 0x00, 0x00, 0x0A, 0xFF, 0xF7, 0xEF, 0xFF, 0x00, 0x00, 0x00, 0x00, 0x00, 0x00,
    0x9F, 0xFF, 0x9D, 0xFF, 0xF1, 0x00, 0x00, 0x00, 0x00, 0x00, 0x09, 0xFF, 0xFB, 0xCF, 0xFF, 0x40, 0x00, 0x00, 0x00, 0x00,
    0x00, 0xAF, 0xFF, 0xC9, 0xFF, 0xFA, 0x00, 0x00, 0x00, 0x00, 0x00, 0x0E, 0xFF, 0xFD, 0x4F, 0xFF, 0xF3, 0x00, 0x00, 0x00,
    0x00, 0x06, 0xFF, 0xFF, 0xD0, 0xDF, 0xFF, 0xC1, 0x00, 0x00, 0x00, 0x03, 0xEF, 0xFF, 0xFD, 0x05, 0xFF, 0xFF, 0xC3, 0x00,
    0x00, 0x07, 0xEF, 0xDF, 0xFF, 0xD0, 0x09, 0xFF, 0xFF, 0xFC, 0x99, 0xAE, 0xFF, 0xE5, 0xFF, 0xFC, 0x00, 0x0A, 0xFF, 0xFF,
    0xFF, 0xFF, 0xFF, 0xD3, 0x5F, 0xFF, 0xB0, 0x00, 0x04, 0xBF, 0xFF, 0xFF, 0xFE, 0x81, 0x06, 0xFF, 0xF9, 0x00, 0x00, 0x00,
    0x25, 0x77, 0x64, 0x00, 0x00, 0x8F, 0xFF, 0x70, 0x00, 0x00, 0x00, 0x00, 0x00, 0x00, 0x00, 0x0B, 0xFF, 0xF4, 0x00, 0x00,
    0x00, 0x00, 0x00, 0x00, 0x00, 0x01, 0xFF, 0xFF, 0x10, 0x00, 0x00, 0x00, 0x00, 0x00, 0x00, 0x00, 0x6F, 0xFF, 0xA0, 0x17,
    0x9B, 0xA0, 0x00, 0x00, 0x00, 0x00, 0x1E, 0xFF, 0xF4, 0x01, 0xFF, 0xFF, 0x40, 0x00, 0x00, 0x00, 0x09, 0xFF, 0xFC, 0x00,
    0x0A, 0xFF, 0xFD, 0x20, 0x00, 0x00, 0x08, 0xFF, 0xFF, 0x30, 0x00, 0x2E, 0xFF, 0xFE, 0x84, 0x23, 0x6C, 0xFF, 0xFF, 0x50,
    0x00, 0x00, 0x5F, 0xFF, 0xFF, 0xFF, 0xFF, 0xFF, 0xFF, 0x50, 0x00, 0x00, 0x00, 0x5D, 0xFF, 0xFF, 0xFF, 0xFF, 0xFD, 0x30,
    0x00, 0x00, 0x00, 0x00, 0x04, 0x9C, 0xEF, 0xFD, 0xA5, 0x00, 0x00, 0x00, 0x00, 0x44, 0x44, 0xFF, 0xFE, 0xFF, 0xFE, 0xFF,
    0xFE, 0xFF, 0xFE, 0x44, 0x44, 0x00, 0x00, 0x00, 0x00, 0x00, 0x00, 0x00, 0x00, 0x00, 0x00, 0x00, 0x00, 0x00, 0x00, 0x00,
    0x00, 0x00, 0x00, 0x00, 0x00, 0x00, 0x00, 0x00, 0x00, 0x00, 0x00, 0x78, 0x87, 0xFF, 0xFE, 0xFF, 0xFE, 0xFF, 0xFE, 0xFF,
    0xFE, 0x03, 0x44, 0x40, 0x0E, 0xFF, 0xF0, 0x0E, 0xFF, 0xF0, 0x0E, 0xFF, 0xF0, 0x0E, 0xFF, 0xF0, 0x03, 0x44, 0x40, 0x00,
    0x00, 0x00, 0x00, 0x00, 0x00, 0x00, 0x00, 0x00, 0x00, 0x00, 0x00, 0x00, 0x00, 0x00, 0x00, 0x00, 0x00, 0x00, 0x00, 0x00,
    0x00, 0x00, 0x00, 0x00, 0x00, 0x00, 0x00, 0x00, 0x00, 0x00, 0x00, 0x00, 0x00, 0x00, 0x00, 0x00, 0x00, 0x00, 0x0A, 0xBB,
    0xB0, 0x0E, 0xFF, 0xF0, 0x0E, 0xFF, 0xF0, 0x0E, 0xFF, 0xF0, 0x07, 0x8F, 0xF0, 0x00, 0x2F, 0xE0, 0x00, 0x5F, 0xB0, 0x00,
    0xAF, 0x70, 0x02, 0xFF, 0x20, 0x0B, 0xFB, 0x00, 0x00, 0x00, 0x00, 0x00, 0x00, 0x00, 0x00, 0x00, 0x00, 0x00, 0x14, 0x00,
    0x00, 0x00, 0x00, 0x00, 0x00, 0x00, 0x00, 0x00, 0x28, 0xEC, 0x00, 0x00, 0x00, 0x00, 0x00, 0x00, 0x00, 0x00, 0x4B, 0xFF,
    0xFC, 0x00, 0x00, 0x00, 0x00, 0x00, 0x00, 0x01, 0x7D, 0xFF, 0xFF, 0xFB, 0x00, 0x00, 0x00, 0x00, 0x00, 0x04, 0x9E, 0xFF,
    0xFF, 0xFC, 0x50, 0x00, 0x00, 0x00, 0x00, 0x17, 0xDF, 0xFF, 0xFF, 0xF9, 0x30, 0x00, 0x00, 0x00, 0x00, 0x39, 0xFF, 0xFF,
    0xFF, 0xD7, 0x10, 0x00, 0x00, 0x00, 0x01, 0x6C, 0xFF, 0xFF, 0xFF, 0xB5, 0x00, 0x00, 0x00, 0x00, 0x02, 0x8E, 0xFF, 0xFF,
    0xFD, 0x72, 0x00, 0x00, 0x00, 0x00, 0x00, 0x9F, 0xFF, 0xFF, 0xFB, 0x50, 0x00, 0x00, 0x00, 0x00, 0x00, 0x00, 0xCF, 0xFF,
    0xE9, 0x30, 0x00, 0x00, 0x00, 0x00, 0x00, 0x00, 0x00, 0xCF, 0xFA, 0x10, 0x00, 0x00, 0x00, 0x00, 0x00, 0x00, 0x00, 0x00,
    0xCF, 0xFF, 0xC5, 0x00, 0x00, 0x00, 0x00, 0x00, 0x00, 0x00, 0x00, 0xCF, 0xFF, 0xFF, 0xE8, 0x20, 0x00, 0x00, 0x00, 0x00,
    0x00, 0x00, 0x16, 0xCF, 0xFF, 0xFF, 0xFA, 0x40, 0x00, 0x00, 0x00, 0x00, 0x00, 0x00, 0x03, 0xAF, 0xFF, 0xFF, 0xFD, 0x71,
    0x00, 0x00, 0x00, 0x00, 0x00, 0x00, 0x01, 0x7D, 0xFF, 0xFF, 0xFF, 0xA3, 0x00, 0x00, 0x00, 0x00, 0x00, 0x00, 0x00, 0x5B,
    0xFF, 0xFF, 0xFF, 0xC5, 0x00, 0x00, 0x00, 0x00, 0x00, 0x00, 0x00, 0x28, 0xDF, 0xFF, 0xFF, 0xE8, 0x20, 0x00, 0x00, 0x00,
    0x00, 0x00, 0x00, 0x04, 0xBF, 0xFF, 0xFF, 0xF8, 0x00, 0x00, 0x00, 0x00, 0x00, 0x00, 0x00, 0x02, 0x8E, 0xFF, 0xFC, 0x00,
    0x00, 0x00, 0x00, 0x00, 0x00, 0x00, 0x00, 0x01, 0x6C, 0xFC, 0x00, 0x00, 0x00, 0x00, 0x00, 0x00, 0x00, 0x00, 0x00, 0x00,
    0x37, 0x68, 0x88, 0x88, 0x88, 0x88, 0x88, 0x88, 0x88, 0x88, 0x88, 0x86, 0xDF, 0xFF, 0xFF, 0xFF, 0xFF, 0xFF, 0xFF, 0xFF,
    0xFF, 0xFF, 0xFC, 0xDF, 0xFF, 0xFF, 0xFF, 0xFF, 0xFF, 0xFF, 0xFF, 0xFF, 0xFF, 0xFC, 0x9A, 0xAA, 0xAA, 0xAA, 0xAA, 0xAA,
    0xAA, 0xAA, 0xAA, 0xAA, 0xA8, 0x00, 0x00, 0x00, 0x00, 0x00, 0x00, 0x00, 0x00, 0x00, 0x00, 0x00, 0x00, 0x00, 0x00, 0x00,
    0x00, 0x00, 0x00, 0x00, 0x00, 0x00, 0x00, 0x00, 0x00, 0x00, 0x00, 0x00, 0x00, 0x00, 0x00, 0x00, 0x00, 0x00, 0x00, 0x00,
    0x00, 0x00, 0x00, 0x00, 0x00, 0x00, 0x00, 0x00, 0x00, 0x00, 0x00, 0x00, 0x00, 0x00, 0x00, 0x00, 0x00, 0x00, 0x00, 0x00,
    0x00, 0x00, 0x00, 0x00, 0x00, 0x00, 0x00, 0x00, 0x00, 0x00, 0x00, 0x00, 0x00, 0x00, 0x00, 0x00, 0x00, 0x00, 0x00, 0x00,
    0x00, 0x00, 0x68, 0x88, 0x88, 0x88, 0x88, 0x88, 0x88, 0x88, 0x88, 0x88, 0x86, 0xDF, 0xFF, 0xFF, 0xFF, 0xFF, 0xFF, 0xFF,
    0xFF, 0xFF, 0xFF, 0xFC, 0xDF, 0xFF, 0xFF, 0xFF, 0xFF, 0xFF, 0xFF, 0xFF, 0xFF, 0xFF, 0xFC, 0x9A, 0xAA, 0xAA, 0xAA, 0xAA,
    0xAA, 0xAA, 0xAA, 0xAA, 0xAA, 0xA8, 0x40, 0x00, 0x00, 0x00, 0x00, 0x00, 0x00, 0x00, 0x00, 0x00, 0x00, 0xCE, 0x82, 0x00,
    0x00, 0x00, 0x00, 0x00, 0x00, 0x00, 0x00, 0x00, 0xCF, 0xFF, 0xA4, 0x00, 0x00, 0x00, 0x00, 0x00, 0x00, 0x00, 0x00, 0xCF,
    0xFF, 0xFF, 0xD7, 0x10, 0x00, 0x00, 0x00, 0x00, 0x00, 0x00, 0x06, 0xCF, 0xFF, 0xFF, 0xE9, 0x30, 0x00, 0x00, 0x00, 0x00,
    0x00, 0x00, 0x03, 0xAF, 0xFF, 0xFF, 0xFC, 0x71, 0x00, 0x00, 0x00, 0x00, 0x00, 0x00, 0x01, 0x7D, 0xFF, 0xFF, 0xFE, 0x93,
    0x00, 0x00, 0x00, 0x00, 0x00, 0x00, 0x00, 0x5B, 0xFF, 0xFF, 0xFF, 0xC5, 0x00, 0x00, 0x00, 0x00, 0x00, 0x00, 0x00, 0x38,
    0xEF, 0xFF, 0xFF, 0xE8, 0x20, 0x00, 0x00, 0x00, 0x00, 0x00, 0x00, 0x05, 0xCF, 0xFF, 0xFF, 0xF9, 0x00, 0x00, 0x00, 0x00,
    0x00, 0x00, 0x00, 0x03, 0x9F, 0xFF, 0xFC, 0x00, 0x00, 0x00, 0x00, 0x00, 0x00, 0x00, 0x00, 0x01, 0xAF, 0xFC, 0x00, 0x00,
    0x00, 0x00, 0x00, 0x00, 0x00, 0x00, 0x6C, 0xFF, 0xFC, 0x00, 0x00, 0x00, 0x00, 0x00, 0x00, 0x02, 0x8E, 0xFF, 0xFF, 0xFB,
    0x00, 0x00, 0x00, 0x00, 0x00, 0x05, 0xAF, 0xFF, 0xFF, 0xFC, 0x61, 0x00, 0x00, 0x00, 0x00, 0x28, 0xEF, 0xFF, 0xFF, 0xF9,
    0x30, 0x00, 0x00, 0x00, 0x00, 0x3A, 0xFF, 0xFF, 0xFF, 0xD7, 0x10, 0x00, 0x00, 0x00, 0x00, 0x6C, 0xFF, 0xFF, 0xFF, 0xB4,
    0x00, 0x00, 0x00, 0x00, 0x02, 0x8E, 0xFF, 0xFF, 0xFD, 0x71, 0x00, 0x00, 0x00, 0x00, 0x00, 0x9F, 0xFF, 0xFF, 0xFA, 0x40,
    0x00, 0x00, 0x00, 0x00, 0x00, 0x00, 0xCF, 0xFF, 0xE8, 0x20, 0x00, 0x00, 0x00, 0x00, 0x00, 0x00, 0x00, 0xCF, 0xC5, 0x00,
    0x00, 0x00, 0x00, 0x00, 0x00, 0x00, 0x00, 0x00, 0x73, 0x00, 0x00, 0x00, 0x00, 0x00, 0x00, 0x00, 0x00, 0x00, 0x00, 0x00,
    0x00, 0x00, 0x02, 0x69, 0xAB, 0xBA, 0x85, 0x10, 0x00, 0x00, 0x00, 0x00, 0x00, 0x4B, 0xFF, 0xFF, 0xFF, 0xFF, 0xFF, 0x92,
    0x00, 0x00, 0x00, 0x01, 0xBF, 0xFF, 0xFF, 0xFF, 0xFF, 0xFF, 0xFF, 0xF8, 0x00, 0x00, 0x01, 0xCF, 0xFF, 0xFF, 0xEC, 0xBB,
    0xCF, 0xFF, 0xFF, 0xF8, 0x00, 0x00, 0x9F, 0xFF, 0xFD, 0x50, 0x00, 0x00, 0x17, 0xEF, 0xFF, 0xF4, 0x00, 0x3F, 0xFF, 0xFB,
    0x10, 0x00, 0x00, 0x00, 0x03, 0xEF, 0xFF, 0xB0, 0x09, 0xFF, 0xFD, 0x10, 0x00, 0x00, 0x00, 0x00, 0x06, 0xFF, 0xFF, 0x10,
    0xDF, 0xFF, 0x40, 0x00, 0x00, 0x00, 0x00, 0x00, 0x1F, 0xFF, 0xF4, 0x2F, 0xFF, 0xE0, 0x00, 0x00, 0x00, 0x00, 0x00, 0x00,
    0xCF, 0xFF, 0x50, 0x23, 0x43, 0x00, 0x00, 0x00, 0x00, 0x00, 0x00, 0x0C, 0xFF, 0xF5, 0x00, 0x00, 0x00, 0x00, 0x00, 0x00,
    0x00, 0x00, 0x00, 0xEF, 0xFF, 0x30, 0x00, 0x00, 0x00, 0x00, 0x00, 0x00, 0x00, 0x00, 0x5F, 0xFF, 0xE0, 0x00, 0x00, 0x00,
    0x00, 0x00, 0x00, 0x00, 0x00, 0x1D, 0xFF, 0xF8, 0x00, 0x00, 0x00, 0x00, 0x00, 0x00, 0x00, 0x00, 0x1B, 0xFF, 0xFD, 0x10,
    0x00, 0x00, 0x00, 0x00, 0x00, 0x00, 0x00, 0x2C, 0xFF, 0xFE, 0x30, 0x00, 0x00, 0x00, 0x00, 0x00, 0x00, 0x00, 0x6E, 0xFF,
    0xFD, 0x30, 0x00, 0x00, 0x00, 0x00, 0x00, 0x00, 0x01, 0x9F, 0xFF, 0xF8, 0x00, 0x00, 0x00, 0x00, 0x00, 0x00, 0x00, 0x01,
    0xBF, 0xFF, 0xE5, 0x00, 0x00, 0x00, 0x00, 0x00, 0x00, 0x00, 0x00, 0xAF, 0xFF, 0xC2, 0x00, 0x00, 0x00, 0x00, 0x00, 0x00,
    0x00, 0x00, 0x5F, 0xFF, 0xD1, 0x00, 0x00, 0x00, 0x00, 0x00, 0x00, 0x00, 0x00, 0x0B, 0xFF, 0xF4, 0x00, 0x00, 0x00, 0x00,
    0x00, 0x00, 0x00, 0x00, 0x00, 0xFF, 0xFD, 0x00, 0x00, 0x00, 0x00, 0x00, 0x00, 0x00, 0x00, 0x00, 0x2F, 0xFF, 0xA0, 0x00,
    0x00, 0x00, 0x00, 0x00, 0x00, 0x00, 0x00, 0x00, 0x00, 0x00, 0x00, 0x00, 0x00, 0x00, 0x00, 0x00, 0x00, 0x00, 0x00, 0x00,
    0x00, 0x00, 0x00, 0x00, 0x00, 0x00, 0x00, 0x00, 0x00, 0x00, 0x00, 0x00, 0x00, 0x00, 0x00, 0x00, 0x00, 0x00, 0x00, 0x00,
    0x00, 0x00, 0x14, 0x44, 0x30, 0x00, 0x00, 0x00, 0x00, 0x00, 0x00, 0x00, 0x00, 0x05, 0xFF, 0xFD, 0x00, 0x00, 0x00, 0x00,
    0x00, 0x00, 0x00, 0x00, 0x00, 0x5F, 0xFF, 0xD0, 0x00, 0x00, 0x00, 0x00, 0x00, 0x00, 0x00, 0x00, 0x05, 0xFF, 0xFD, 0x00,
    0x00, 0x00, 0x00, 0x00, 0x00, 0x00, 0x00, 0x00, 0x5F, 0xFF, 0xD0, 0x00, 0x00, 0x00, 0x00, 0x00, 0x00, 0x00, 0x00, 0x00,
    0x00, 0x00, 0x00, 0x14, 0x8B, 0xDE, 0xFF, 0xFE, 0xCA, 0x73, 0x00, 0x00, 0x00, 0x00, 0x00, 0x00, 0x00, 0x00, 0x00, 0x00,
    0x00, 0x04, 0xAE, 0xFF, 0xFF, 0xFF, 0xFF, 0xFF, 0xFF, 0xFD, 0x71, 0x00, 0x00, 0x00, 0x00, 0x00, 0x00, 0x00, 0x00, 0x00,
    0x3B, 0xFF, 0xFF, 0xFF, 0xDC, 0xBB, 0xBC, 0xEF, 0xFF, 0xFF, 0xE6, 0x00, 0x00, 0x00, 0x00, 0x00, 0x00, 0x00, 0x01, 0x9F,
    0xFF, 0xFD, 0x84, 0x10, 0x00, 0x00, 0x00, 0x26, 0xBF, 0xFF, 0xFA, 0x10, 0x00, 0x00, 0x00, 0x00, 0x00, 0x02, 0xDF, 0xFF,
    0xB4, 0x00, 0x00, 0x00, 0x00, 0x00, 0x00, 0x00, 0x3B, 0xFF, 0xFC, 0x10, 0x00, 0x00, 0x00, 0x00, 0x03, 0xEF, 0xFE, 0x50,
    0x00, 0x00, 0x00, 0x00, 0x00, 0x00, 0x00, 0x00, 0x06, 0xFF, 0xFB, 0x00, 0x00, 0x00, 0x00, 0x03, 0xEF, 0xFC, 0x20, 0x00,
    0x00, 0x00, 0x00, 0x00, 0x00, 0x00, 0x00, 0x00, 0x04, 0xFF, 0xF8, 0x00, 0x00, 0x00, 0x01, 0xDF, 0xFB, 0x10, 0x00, 0x00,
    0x00, 0x00, 0x00, 0x00, 0x00, 0x00, 0x00, 0x00, 0x06, 0xFF, 0xF2, 0x00, 0x00, 0x00, 0xAF, 0xFC, 0x10, 0x00, 0x00, 0x00,
    0x48, 0xAB, 0xA8, 0x40, 0x00, 0x04, 0x44, 0x20, 0x0B, 0xFF, 0xA0, 0x00, 0x00, 0x5F, 0xFE, 0x20, 0x00, 0x00, 0x05, 0xDF,
    0xFF, 0xFF, 0xFF, 0xC3, 0x01, 0xFF, 0xF4, 0x00, 0x3F, 0xFF, 0x10, 0x00, 0x0D, 0xFF, 0x60, 0x00, 0x00, 0x0A, 0xFF, 0xFF,
    0xFF, 0xFF, 0xFF, 0xE2, 0x5F, 0xFF, 0x10, 0x00, 0xBF, 0xF6, 0x00, 0x06, 0xFF, 0xD0, 0x00, 0x00, 0x0B, 0xFF, 0xFD, 0x61,
    0x00, 0x38, 0xFF, 0xC9, 0xFF, 0xC0, 0x00, 0x06, 0xFF, 0xA0, 0x00, 0xDF, 0xF5, 0x00, 0x00, 0x09, 0xFF, 0xF9, 0x00, 0x00,
    0x00, 0x03, 0xEF, 0xFF, 0xF9, 0x00, 0x00, 0x2F, 0xFD, 0x00, 0x4F, 0xFE, 0x00, 0x00, 0x04, 0xFF, 0xFA, 0x00, 0x00, 0x00,
    0x00, 0x07, 0xFF, 0xFF, 0x50, 0x00, 0x00, 0xEF, 0xF0, 0x08, 0xFF, 0x80, 0x00, 0x00, 0xCF, 0xFE, 0x10, 0x00, 0x00, 0x00,
    0x00, 0x1F, 0xFF, 0xF2, 0x00, 0x00, 0x0D, 0xFF, 0x10, 0xDF, 0xF4, 0x00, 0x00, 0x4F, 0xFF, 0x60, 0x00, 0x00, 0x00, 0x00,
    0x00, 0xEF, 0xFD, 0x00, 0x00, 0x00, 0xCF, 0xF2, 0x1F, 0xFF, 0x00, 0x00, 0x09, 0xFF, 0xE1, 0x00, 0x00, 0x00, 0x00, 0x00,
    0x0E, 0xFF, 0xA0, 0x00, 0x00, 0x0D, 0xFF, 0x14, 0xFF, 0xC0, 0x00, 0x00, 0xDF, 0xFA, 0x00, 0x00, 0x00, 0x00, 0x00, 0x01,
    0xFF, 0xF7, 0x00, 0x00, 0x00, 0xDF, 0xF1, 0x6F, 0xFA, 0x00, 0x00, 0x2F, 0xFF, 0x70, 0x00, 0x00, 0x00, 0x00, 0x00, 0x4F,
    0xFF, 0x30, 0x00, 0x00, 0x0F, 0xFE, 0x07, 0xFF, 0x90, 0x00, 0x04, 0xFF, 0xF4, 0x00, 0x00, 0x00, 0x00, 0x00, 0x08, 0xFF,
    0xE0, 0x00, 0x00, 0x02, 0xFF, 0xC0, 0x8F, 0xF8, 0x00, 0x00, 0x5F, 0xFF, 0x30, 0x00, 0x00, 0x00, 0x00, 0x00, 0xDF, 0xFC,
    0x00, 0x00, 0x00, 0x5F, 0xF9, 0x08, 0xFF, 0x70, 0x00, 0x06, 0xFF, 0xF3, 0x00, 0x00, 0x00, 0x00, 0x00, 0x4F, 0xFF, 0x90,
    0x00, 0x00, 0x0A, 0xFF, 0x50, 0x8F, 0xF8, 0x00, 0x00, 0x5F, 0xFF, 0x30, 0x00, 0x00, 0x00, 0x00, 0x0C, 0xFF, 0xF6, 0x00,
    0x00, 0x01, 0xEF, 0xF1, 0x06, 0xFF, 0x90, 0x00, 0x03, 0xFF, 0xF6, 0x00, 0x00, 0x00, 0x00, 0x08, 0xFF, 0xFF, 0x40, 0x00,
    0x00, 0x7F, 0xFA, 0x00, 0x5F, 0xFB, 0x00, 0x00, 0x1F, 0xFF, 0xA0, 0x00, 0x00, 0x00, 0x05, 0xFE, 0xEF, 0xF3, 0x00, 0x00,
    0x1E, 0xFF, 0x30, 0x02, 0xFF, 0xE0, 0x00, 0x00, 0xBF, 0xFF, 0x40, 0x00, 0x00, 0x08, 0xFF, 0x6E, 0xFF, 0x30, 0x00, 0x1C,
    0xFF, 0x90, 0x00, 0x0D, 0xFF, 0x40, 0x00, 0x04, 0xFF, 0xFE, 0x72, 0x13, 0x7D, 0xFF, 0xA0, 0xEF, 0xF8, 0x00, 0x4C, 0xFF,
    0xD1, 0x00, 0x00, 0x9F, 0xF9, 0x00, 0x00, 0x08, 0xFF, 0xFF, 0xFF, 0xFF, 0xFF, 0xA0, 0x0A, 0xFF, 0xFE, 0xEF, 0xFF, 0xD2,
    0x00, 0x00, 0x03, 0xFF, 0xF2, 0x00, 0x00, 0x07, 0xFF, 0xFF, 0xFF, 0xFD, 0x50, 0x00, 0x2E, 0xFF, 0xFF, 0xFF, 0x91, 0x00,
    0x00, 0x00, 0x0C, 0xFF, 0xA0, 0x00, 0x00, 0x02, 0x7A, 0xBB, 0x84, 0x00, 0x00, 0x00, 0x17, 0xAB, 0xA7, 0x20, 0x00, 0x00,
    0x00, 0x00, 0x4F, 0xFF, 0x60, 0x00, 0x00, 0x00, 0x00, 0x00, 0x00, 0x00, 0x00, 0x00, 0x00, 0x00, 0x00, 0x00, 0x00, 0x00,
    0x00, 0x00, 0x9F, 0xFF, 0x40, 0x00, 0x00, 0x00, 0x00, 0x00, 0x00, 0x00, 0x00, 0x00, 0x00, 0x01, 0x00, 0x00, 0x00, 0x00,
    0x00, 0x01, 0xCF, 0xFF, 0x70, 0x00, 0x00, 0x00, 0x00, 0x00, 0x00, 0x00, 0x00, 0x00, 0x29, 0xE1, 0x00, 0x00, 0x00, 0x00,
    0x00, 0x01, 0xCF, 0xFF, 0xC3, 0x00, 0x00, 0x00, 0x00, 0x00, 0x00, 0x00, 0x05, 0xBF, 0xFF, 0x80, 0x00, 0x00, 0x00, 0x00,
    0x00, 0x01, 0xBF, 0xFF, 0xFC, 0x73, 0x00, 0x00, 0x00, 0x01, 0x36, 0xAE, 0xFF, 0xFF, 0xD5, 0x00, 0x00, 0x00, 0x00, 0x00,
    0x00, 0x00, 0x6E, 0xFF, 0xFF, 0xFF, 0xDC, 0xBC, 0xCE, 0xFF, 0xFF, 0xFF, 0xFD, 0x61, 0x00, 0x00, 0x00, 0x00, 0x00, 0x00,
    0x00, 0x00, 0x17, 0xDF, 0xFF, 0xFF, 0xFF, 0xFF, 0xFF, 0xFF, 0xFE, 0x94, 0x00, 0x00, 0x00, 0x00, 0x00, 0x00, 0x00, 0x00,
    0x00, 0x00, 0x00, 0x37, 0xAC, 0xEF, 0xFF, 0xED, 0xB9, 0x63, 0x00, 0x00, 0x00, 0x00, 0x00, 0x00, 0x00, 0x00, 0x00, 0x00,
    0x00, 0x00, 0x00, 0x34, 0x44, 0x30, 0x00, 0x00, 0x00, 0x00, 0x00, 0x00, 0x00, 0x00, 0x00, 0x00, 0x00, 0x2F, 0xFF, 0xFF,
    0x20, 0x00, 0x00, 0x00, 0x00, 0x00, 0x00, 0x00, 0x00, 0x00, 0x00, 0x08, 0xFF, 0xFF, 0xF8, 0x00, 0x00, 0x00, 0x00, 0x00,
    0x00, 0x00, 0x00, 0x00, 0x00, 0x00, 0xEF, 0xFF, 0xFF, 0xE0, 0x00, 0x00, 0x00, 0x00, 0x00, 0x00, 0x00, 0x00, 0x00, 0x00,
    0x5F, 0xFF, 0x9F, 0xFF, 0x50, 0x00, 0x00, 0x00, 0x00, 0x00, 0x00, 0x00, 0x00, 0x00, 0x0B, 0xFF, 0xE1, 0xEF, 0xFB, 0x00,
    0x00, 0x00, 0x00, 0x00, 0x00, 0x00, 0x00, 0x00, 0x02, 0xFF, 0xF9, 0x0A, 0xFF, 0xF2, 0x00, 0x00, 0x00, 0x00, 0x00, 0x00,
    0x00, 0x00, 0x00, 0x9F, 0xFF, 0x40, 0x5F, 0xFF, 0x80, 0x00, 0x00, 0x00, 0x00, 0x00, 0x00, 0x00, 0x00, 0x1E, 0xFF, 0xD0,
    0x00, 0xEF, 0xFE, 0x10, 0x00, 0x00, 0x00, 0x00, 0x00, 0x00, 0x00, 0x06, 0xFF, 0xF8, 0x00, 0x08, 0xFF, 0xF6, 0x00, 0x00,
    0x00, 0x00, 0x00, 0x00, 0x00, 0x00, 0xCF, 0xFF, 0x20, 0x00, 0x2F, 0xFF, 0xC0, 0x00, 0x00, 0x00, 0x00, 0x00, 0x00, 0x00,
    0x2F, 0xFF, 0xB0, 0x00, 0x00, 0xCF, 0xFF, 0x30, 0x00, 0x00, 0x00, 0x00, 0x00, 0x00, 0x07, 0xFF, 0xF5, 0x00, 0x00, 0x06,
    0xFF, 0xF9, 0x00, 0x00, 0x00, 0x00, 0x00, 0x00, 0x00, 0xCF, 0xFE, 0x00, 0x00, 0x00, 0x1E, 0xFF, 0xE0, 0x00, 0x00, 0x00,
    0x00, 0x00, 0x00, 0x3F, 0xFF, 0x80, 0x00, 0x00, 0x00, 0x9F, 0xFF, 0x50, 0x00, 0x00, 0x00, 0x00, 0x00, 0x09, 0xFF, 0xF3,
    0x00, 0x00, 0x00, 0x03, 0xFF, 0xF9, 0x00, 0x00, 0x00, 0x00, 0x00, 0x01, 0xEF, 0xFC, 0x00, 0x00, 0x00, 0x00, 0x0C, 0xFF,
    0xE0, 0x00, 0x00, 0x00, 0x00, 0x00, 0x6F, 0xFF, 0x60, 0x00, 0x00, 0x00, 0x00, 0x7F, 0xFF, 0x50, 0x00, 0x00, 0x00, 0x00,
    0x0C, 0xFF, 0xE1, 0x00, 0x00, 0x00, 0x00, 0x01, 0xFF, 0xFB, 0x00, 0x00, 0x00, 0x00, 0x03, 0xFF, 0xFF, 0xFF, 0xFF, 0xFF,
    0xFF, 0xFF, 0xFF, 0xFF, 0xF2, 0x00, 0x00, 0x00, 0x00, 0x9F, 0xFF, 0xFF, 0xFF, 0xFF, 0xFF, 0xFF, 0xFF, 0xFF, 0xFF, 0x80,
    0x00, 0x00, 0x00, 0x1E, 0xFF, 0xFF, 0xFF, 0xFF, 0xFF, 0xFF, 0xFF, 0xFF, 0xFF, 0xFE, 0x00, 0x00, 0x00, 0x07, 0xFF, 0xF9,
    0x33, 0x33, 0x33, 0x33, 0x33, 0x33, 0x39, 0xFF, 0xF5, 0x00, 0x00, 0x00, 0xDF, 0xFF, 0x40, 0x00, 0x00, 0x00, 0x00, 0x00,
    0x00, 0x2F, 0xFF, 0xB0, 0x00, 0x00, 0x4F, 0xFF, 0xD0, 0x00, 0x00, 0x00, 0x00, 0x00, 0x00, 0x00, 0xCF, 0xFF, 0x20, 0x00,
    0x0A, 0xFF, 0xF8, 0x00, 0x00, 0x00, 0x00, 0x00, 0x00, 0x00, 0x07, 0xFF, 0xF8, 0x00, 0x01, 0xFF, 0xFF, 0x20, 0x00, 0x00,
    0x00, 0x00, 0x00, 0x00, 0x00, 0x2F, 0xFF, 0xE0, 0x00, 0x7F, 0xFF, 0xB0, 0x00, 0x00, 0x00, 0x00, 0x00, 0x00, 0x00, 0x00,
    0xCF, 0xFF, 0x50, 0x0D, 0xFF, 0xF5, 0x00, 0x00, 0x00, 0x00, 0x00, 0x00, 0x00, 0x00, 0x06, 0xFF, 0xFB, 0x05, 0xFF, 0xFE,
    0x00, 0x00, 0x00, 0x00, 0x00, 0x00, 0x00, 0x00, 0x00, 0x1E, 0xFF, 0xF2, 0xBF, 0xFF, 0x80, 0x00, 0x00, 0x00, 0x00, 0x00,
    0x00, 0x00, 0x00, 0x00, 0x9F, 0xFF, 0x80, 0x14, 0x44, 0x44, 0x44, 0x44, 0x44, 0x32, 0x10, 0x00, 0x00, 0x00, 0x00, 0x6F,
    0xFF, 0xFF, 0xFF, 0xFF, 0xFF, 0xFF, 0xFD, 0xA5, 0x00, 0x00, 0x00, 0x6F, 0xFF, 0xFF, 0xFF, 0xFF, 0xFF, 0xFF, 0xFF, 0xFF,
    0xD5, 0x00, 0x00, 0x6F, 0xFF, 0xFF, 0xFF, 0xFF, 0xFF, 0xFF, 0xFF, 0xFF, 0xFF, 0x60, 0x00, 0x6F, 0xFF, 0xB1, 0x11, 0x11,
    0x11, 0x13, 0x6B, 0xFF, 0xFF, 0xF2, 0x00, 0x6F, 0xFF, 0xB0, 0x00, 0x00, 0x00, 0x00, 0x00, 0x5F, 0xFF, 0xF9, 0x00, 0x6F,
    0xFF, 0xB0, 0x00, 0x00, 0x00, 0x00, 0x00, 0x08, 0xFF, 0xFD, 0x00, 0x6F, 0xFF, 0xB0, 0x00, 0x00, 0x00, 0x00, 0x00, 0x03,
    0xFF, 0xFF, 0x00, 0x6F, 0xFF, 0xB0, 0x00, 0x00, 0x00, 0x00, 0x00, 0x02, 0xFF, 0xFF, 0x00, 0x6F, 0xFF, 0xB0, 0x00, 0x00,
    0x00, 0x00, 0x00, 0x03, 0xFF, 0xFD, 0x00, 0x6F, 0xFF, 0xB0, 0x00, 0x00, 0x00, 0x00, 0x00, 0x07, 0xFF, 0xF9, 0x00, 0x6F,
    0xFF, 0xB0, 0x00, 0x00, 0x00, 0x00, 0x00, 0x1D, 0xFF, 0xF3, 0x00, 0x6F, 0xFF, 0xB0, 0x00, 0x00, 0x00, 0x00, 0x04, 0xDF,
    0xFF, 0x80, 0x00, 0x6F, 0xFF, 0xD8, 0x88, 0x88, 0x88, 0x8A, 0xDF, 0xFF, 0xF7, 0x00, 0x00, 0x6F, 0xFF, 0xFF, 0xFF, 0xFF,
    0xFF, 0xFF, 0xFF, 0xD9, 0x20, 0x00, 0x00, 0x6F, 0xFF, 0xFF, 0xFF, 0xFF, 0xFF, 0xFF, 0xFF, 0xFD, 0x93, 0x00, 0x00, 0x6F,
    0xFF, 0xEB, 0xBB, 0xBB, 0xBB, 0xBB, 0xDF, 0xFF, 0xFF, 0xA1, 0x00, 0x6F, 0xFF, 0xB0, 0x00, 0x00, 0x00, 0x00, 0x01, 0x6D,
    0xFF, 0xFD, 0x10, 0x6F, 0xFF, 0xB0, 0x00, 0x00, 0x00, 0x00, 0x00, 0x01, 0xBF, 0xFF, 0xA0, 0x6F, 0xFF, 0xB0, 0x00, 0x00,
    0x00, 0x00, 0x00, 0x00, 0x1E, 0xFF, 0xF3, 0x6F, 0xFF, 0xB0, 0x00, 0x00, 0x00, 0x00, 0x00, 0x00, 0x09, 0xFF, 0xF8, 0x6F,
    0xFF, 0xB0, 0x00, 0x00, 0x00, 0x00, 0x00, 0x00, 0x06, 0xFF, 0xFB, 0x6F, 0xFF, 0xB0, 0x00, 0x00, 0x00, 0x00, 0x00, 0x00,
    0x06, 0xFF, 0xFB, 0x6F, 0xFF, 0xB0, 0x00, 0x00, 0x00, 0x00, 0x00, 0x00, 0x08, 0xFF, 0xFB, 0x6F, 0xFF, 0xB0, 0x00, 0x00,
    0x00, 0x00, 0x00, 0x00, 0x0C, 0xFF, 0xF8, 0x6F, 0xFF, 0xB0, 0x00, 0x00, 0x00, 0x00, 0x00, 0x00, 0x5F, 0xFF, 0xF4, 0x6F,
    0xFF, 0xB0, 0x00, 0x00, 0x00, 0x00, 0x00, 0x06, 0xFF, 0xFF, 0xC0, 0x6F, 0xFF, 0xC4, 0x44, 0x44, 0x44, 0x45, 0x69, 0xDF,
    0xFF, 0xFE, 0x20, 0x6F, 0xFF, 0xFF, 0xFF, 0xFF, 0xFF, 0xFF, 0xFF, 0xFF, 0xFF, 0xD3, 0x00, 0x6F, 0xFF, 0xFF, 0xFF, 0xFF,
    0xFF, 0xFF, 0xFF, 0xFF, 0xE9, 0x10, 0x00, 0x6F, 0xFF, 0xFF, 0xFF, 0xFF, 0xFF, 0xFF, 0xEC, 0x96, 0x10, 0x00, 0x00, 0x00,
    0x00, 0x00, 0x00, 0x00, 0x47, 0x9A, 0xBB, 0xB9, 0x75, 0x10, 0x00, 0x00, 0x00, 0x00, 0x00, 0x00, 0x00, 0x29, 0xEF, 0xFF,
    0xFF, 0xFF, 0xFF, 0xFF, 0xB4, 0x00, 0x00, 0x00, 0x00, 0x00, 0x01, 0x8F, 0xFF, 0xFF, 0xFF, 0xFF, 0xFF, 0xFF, 0xFF, 0xFB,
    0x20, 0x00, 0x00, 0x00, 0x02, 0xCF, 0xFF, 0xFF, 0xFD, 0xA9, 0x9A, 0xCF, 0xFF, 0xFF, 0xFE, 0x30, 0x00, 0x00, 0x01, 0xDF,
    0xFF, 0xFD, 0x71, 0x00, 0x00, 0x00, 0x15, 0xCF, 0xFF, 0xFE, 0x30, 0x00, 0x00, 0xCF, 0xFF, 0xF9, 0x10, 0x00, 0x00, 0x00,
    0x00, 0x00, 0x7F, 0xFF, 0xFD, 0x10, 0x00, 0x7F, 0xFF, 0xF8, 0x00, 0x00, 0x00, 0x00, 0x00, 0x00, 0x00, 0x6F, 0xFF, 0xF7,
    0x00, 0x2E, 0xFF, 0xF9, 0x00, 0x00, 0x00, 0x00, 0x00, 0x00, 0x00, 0x00, 0x8F, 0xFE, 0xA0, 0x09, 0xFF, 0xFD, 0x10, 0x00,
    0x00, 0x00, 0x00, 0x00, 0x00, 0x00, 0x00, 0x95, 0x10, 0x00, 0xEF, 0xFF, 0x70, 0x00, 0x00, 0x00, 0x00, 0x00, 0x00, 0x00,
    0x00, 0x00, 0x00, 0x00, 0x3F, 0xFF, 0xF2, 0x00, 0x00, 0x00, 0x00, 0x00, 0x00, 0x00, 0x00, 0x00, 0x00, 0x00, 0x06, 0xFF,
    0xFC, 0x00, 0x00, 0x00, 0x00, 0x00, 0x00, 0x00, 0x00, 0x00, 0x00, 0x00, 0x00, 0x9F, 0xFF, 0xA0, 0x00, 0x00, 0x00, 0x00,
    0x00, 0x00, 0x00, 0x00, 0x00, 0x00, 0x00, 0x0A, 0xFF, 0xF8, 0x00, 0x00, 0x00, 0x00, 0x00, 0x00, 0x00, 0x00, 0x00, 0x00,
    0x00, 0x00, 0xBF, 0xFF, 0x70, 0x00, 0x00, 0x00, 0x00, 0x00, 0x00, 0x00, 0x00, 0x00, 0x00, 0x00, 0x0B, 0xFF, 0xF6, 0x00,
    0x00, 0x00, 0x00, 0x00, 0x00, 0x00, 0x00, 0x00, 0x00, 0x00, 0x00, 0xBF, 0xFF, 0x70, 0x00, 0x00, 0x00, 0x00, 0x00, 0x00,
    0x00, 0x00, 0x00, 0x00, 0x00, 0x0A, 0xFF, 0xF8, 0x00, 0x00, 0x00, 0x00, 0x00, 0x00, 0x00, 0x00, 0x00, 0x00, 0x00, 0x00,
    0x9F, 0xFF, 0xA0, 0x00, 0x00, 0x00, 0x00, 0x00, 0x00, 0x00, 0x00, 0x00, 0x00, 0x00, 0x06, 0xFF, 0xFD, 0x00, 0x00, 0x00,
    0x00, 0x00, 0x00, 0x00, 0x00, 0x00, 0x00, 0x00, 0x00, 0x3F, 0xFF, 0xF2, 0x00, 0x00, 0x00, 0x00, 0x00, 0x00, 0x00, 0x00,
    0x00, 0x00, 0x00, 0x00, 0xEF, 0xFF, 0x80, 0x00, 0x00, 0x00, 0x00, 0x00, 0x00, 0x00, 0x00, 0x01, 0x40, 0x00, 0x09, 0xFF,
    0xFE, 0x10, 0x00, 0x00, 0x00, 0x00, 0x00, 0x00, 0x00, 0x00, 0x8F, 0xB4, 0x00, 0x2F, 0xFF, 0xFA, 0x00, 0x00, 0x00, 0x00,
    0x00, 0x00, 0x00, 0x00, 0x5F, 0xFF, 0xF2, 0x00, 0x8F, 0xFF, 0xF9, 0x00, 0x00, 0x00, 0x00, 0x00, 0x00, 0x00, 0x4F, 0xFF,
    0xF7, 0x00, 0x01, 0xDF, 0xFF, 0xF9, 0x10, 0x00, 0x00, 0x00, 0x00, 0x00, 0x5E, 0xFF, 0xFC, 0x00, 0x00, 0x02, 0xEF, 0xFF,
    0xFD, 0x50, 0x00, 0x00, 0x00, 0x03, 0xAF, 0xFF, 0xFD, 0x20, 0x00, 0x00, 0x03, 0xEF, 0xFF, 0xFF, 0xEA, 0x76, 0x66, 0x9C,
    0xFF, 0xFF, 0xFD, 0x20, 0x00, 0x00, 0x00, 0x02, 0xBF, 0xFF, 0xFF, 0xFF, 0xFF, 0xFF, 0xFF, 0xFF, 0xFA, 0x10, 0x00, 0x00,
    0x00, 0x00, 0x00, 0x5C, 0xFF, 0xFF, 0xFF, 0xFF, 0xFF, 0xFF, 0xB4, 0x00, 0x00, 0x00, 0x00, 0x00, 0x00, 0x00, 0x02, 0x7A,
    0xDE, 0xFF, 0xED, 0xA7, 0x20, 0x00, 0x00, 0x00, 0x00, 0x14, 0x44, 0x44, 0x44, 0x44, 0x43, 0x31, 0x00, 0x00, 0x00, 0x00,
    0x00, 0x00, 0x06, 0xFF, 0xFF, 0xFF, 0xFF, 0xFF, 0xFF, 0xFF, 0xC9, 0x51, 0x00, 0x00, 0x00, 0x00, 0x6F, 0xFF, 0xFF, 0xFF,
    0xFF, 0xFF, 0xFF, 0xFF, 0xFF, 0xE8, 0x10, 0x00, 0x00, 0x06, 0xFF, 0xFF, 0xFF, 0xFF, 0xFF, 0xFF, 0xFF, 0xFF, 0xFF, 0xFE,
    0x60, 0x00, 0x00, 0x6F, 0xFF, 0xB1, 0x11, 0x11, 0x11, 0x24, 0x6A, 0xEF, 0xFF, 0xFF, 0x90, 0x00, 0x06, 0xFF, 0xFB, 0x00,
    0x00, 0x00, 0x00, 0x00, 0x01, 0x7E, 0xFF, 0xFF, 0x90, 0x00, 0x6F, 0xFF, 0xB0, 0x00, 0x00, 0x00, 0x00, 0x00, 0x00, 0x2C,
    0xFF, 0xFF, 0x60, 0x06, 0xFF, 0xFB, 0x00, 0x00, 0x00, 0x00, 0x00, 0x00, 0x00, 0x1C, 0xFF, 0xFE, 0x10, 0x6F, 0xFF, 0xB0,
    0x00, 0x00, 0x00, 0x00, 0x00, 0x00, 0x00, 0x2E, 0xFF, 0xF8, 0x06, 0xFF, 0xFB, 0x00, 0x00, 0x00, 0x00, 0x00, 0x00, 0x00,
    0x00, 0x7F, 0xFF, 0xE0, 0x6F, 0xFF, 0xB0, 0x00, 0x00, 0x00, 0x00, 0x00, 0x00, 0x00, 0x01, 0xFF, 0xFF, 0x46, 0xFF, 0xFB,
    0x00, 0x00, 0x00, 0x00, 0x00, 0x00, 0x00, 0x00, 0x0B, 0xFF, 0xF8, 0x6F, 0xFF, 0xB0, 0x00, 0x00, 0x00, 0x00, 0x00, 0x00,
    0x00, 0x00, 0x7F, 0xFF, 0xB6, 0xFF, 0xFB, 0x00, 0x00, 0x00, 0x00, 0x00, 0x00, 0x00, 0x00, 0x05, 0xFF, 0xFC, 0x6F, 0xFF,
    0xB0, 0x00, 0x00, 0x00, 0x00, 0x00, 0x00, 0x00, 0x00, 0x4F, 0xFF, 0xD6, 0xFF, 0xFB, 0x00, 0x00, 0x00, 0x00, 0x00, 0x00,
    0x00, 0x00, 0x03, 0xFF, 0xFE, 0x6F, 0xFF, 0xB0, 0x00, 0x00, 0x00, 0x00, 0x00, 0x00, 0x00, 0x00, 0x4F, 0xFF, 0xD6, 0xFF,
    0xFB, 0x00, 0x00, 0x00, 0x00, 0x00, 0x00, 0x00, 0x00, 0x05, 0xFF, 0xFC, 0x6F, 0xFF, 0xB0, 0x00, 0x00, 0x00, 0x00, 0x00,
    0x00, 0x00, 0x00, 0x7F, 0xFF, 0xB6, 0xFF, 0xFB, 0x00, 0x00, 0x00, 0x00, 0x00, 0x00, 0x00, 0x00, 0x0A, 0xFF, 0xF8, 0x6F,
    0xFF, 0xB0, 0x00, 0x00, 0x00, 0x00, 0x00, 0x00, 0x00, 0x00, 0xEF, 0xFF, 0x56, 0xFF, 0xFB, 0x00, 0x00, 0x00, 0x00, 0x00,
    0x00, 0x00, 0x00, 0x5F, 0xFF, 0xF1, 0x6F, 0xFF, 0xB0, 0x00, 0x00, 0x00, 0x00, 0x00, 0x00, 0x00, 0x0C, 0xFF, 0xFA, 0x06,
    0xFF, 0xFB, 0x00, 0x00, 0x00, 0x00, 0x00, 0x00, 0x00, 0x06, 0xFF, 0xFF, 0x30, 0x6F, 0xFF, 0xB0, 0x00, 0x00, 0x00, 0x00,
    0x00, 0x00, 0x04, 0xFF, 0xFF, 0xA0, 0x06, 0xFF, 0xFB, 0x00, 0x00, 0x00, 0x00, 0x00, 0x00, 0x06, 0xFF, 0xFF, 0xE1, 0x00,
    0x6F, 0xFF, 0xB0, 0x00, 0x00, 0x00, 0x00, 0x00, 0x3B, 0xFF, 0xFF, 0xE4, 0x00, 0x06, 0xFF, 0xFC, 0x44, 0x44, 0x44, 0x45,
    0x69, 0xDF, 0xFF, 0xFF, 0xE4, 0x00, 0x00, 0x6F, 0xFF, 0xFF, 0xFF, 0xFF, 0xFF, 0xFF, 0xFF, 0xFF, 0xFF, 0xC2, 0x00, 0x00,
    0x06, 0xFF, 0xFF, 0xFF, 0xFF, 0xFF, 0xFF, 0xFF, 0xFF, 0xFC, 0x50, 0x00, 0x00, 0x00, 0x6F, 0xFF, 0xFF, 0xFF, 0xFF, 0xFF,
    0xFE, 0xDA, 0x73, 0x00, 0x00, 0x00, 0x00, 0x00, 0x14, 0x44, 0x44, 0x44, 0x44, 0x44, 0x44, 0x44, 0x44, 0x44, 0x44, 0x41,
    0x06, 0xFF, 0xFF, 0xFF, 0xFF, 0xFF, 0xFF, 0xFF, 0xFF, 0xFF, 0xFF, 0xFF, 0x50, 0x6F, 0xFF, 0xFF, 0xFF, 0xFF, 0xFF, 0xFF,
    0xFF, 0xFF, 0xFF, 0xFF, 0xF5, 0x06, 0xFF, 0xFF, 0xFF, 0xFF, 0xFF, 0xFF, 0xFF, 0xFF, 0xFF, 0xFF, 0xFF, 0x50, 0x6F, 0xFF,
    0xB2, 0x22, 0x22, 0x22, 0x22, 0x22, 0x22, 0x22, 0x22, 0x21, 0x06, 0xFF, 0xFB, 0x00, 0x00, 0x00, 0x00, 0x00, 0x00, 0x00,
    0x00, 0x00, 0x00, 0x6F, 0xFF, 0xB0, 0x00, 0x00, 0x00, 0x00, 0x00, 0x00, 0x00, 0x00, 0x00, 0x06, 0xFF, 0xFB, 0x00, 0x00,
    0x00, 0x00, 0x00, 0x00, 0x00, 0x00, 0x00, 0x00, 0x6F, 0xFF, 0xB0, 0x00, 0x00, 0x00, 0x00, 0x00, 0x00, 0x00, 0x00, 0x00,
    0x06, 0xFF, 0xFB, 0x00, 0x00, 0x00, 0x00, 0x00, 0x00, 0x00, 0x00, 0x00, 0x00, 0x6F, 0xFF, 0xB0, 0x00, 0x00, 0x00, 0x00,
    0x00, 0x00, 0x00, 0x00, 0x00, 0x06, 0xFF, 0xFB, 0x00, 0x00, 0x00, 0x00, 0x00, 0x00, 0x00, 0x00, 0x00, 0x00, 0x6F, 0xFF,
    0xB0, 0x00, 0x00, 0x00, 0x00, 0x00, 0x00, 0x00, 0x00, 0x00, 0x06, 0xFF, 0xFC, 0x44, 0x44, 0x44, 0x44, 0x44, 0x44, 0x44,
    0x44, 0x40, 0x00, 0x6F, 0xFF, 0xFF, 0xFF, 0xFF, 0xFF, 0xFF, 0xFF, 0xFF, 0xFF, 0xFF, 0x10, 0x06, 0xFF, 0xFF, 0xFF, 0xFF,
    0xFF, 0xFF, 0xFF, 0xFF, 0xFF, 0xFF, 0xF1, 0x00, 0x6F, 0xFF, 0xFF, 0xFF, 0xFF, 0xFF, 0xFF, 0xFF, 0xFF, 0xFF, 0xFF, 0x10,
    0x06, 0xFF, 0xFB, 0x11, 0x11, 0x11, 0x11, 0x11, 0x11, 0x11, 0x11, 0x10, 0x00, 0x6F, 0xFF, 0xB0, 0x00, 0x00, 0x00, 0x00,
    0x00, 0x00, 0x00, 0x00, 0x00, 0x06, 0xFF, 0xFB, 0x00, 0x00, 0x00, 0x00, 0x00, 0x00, 0x00, 0x00, 0x00, 0x00, 0x6F, 0xFF,
    0xB0, 0x00, 0x00, 0x00, 0x00, 0x00, 0x00, 0x00, 0x00, 0x00, 0x06, 0xFF, 0xFB, 0x00, 0x00, 0x00, 0x00, 0x00, 0x00, 0x00,
    0x00, 0x00, 0x00, 0x6F, 0xFF, 0xB0, 0x00, 0x00, 0x00, 0x00, 0x00, 0x00, 0x00, 0x00, 0x00, 0x06, 0xFF, 0xFB, 0x00, 0x00,
    0x00, 0x00, 0x00, 0x00, 0x00, 0x00, 0x00, 0x00, 0x6F, 0xFF, 0xB0, 0x00, 0x00, 0x00, 0x00, 0x00, 0x00, 0x00, 0x00, 0x00,
    0x06, 0xFF, 0xFB, 0x00, 0x00, 0x00, 0x00, 0x00, 0x00, 0x00, 0x00, 0x00, 0x00, 0x6F, 0xFF, 0xB0, 0x00, 0x00, 0x00, 0x00,
    0x00, 0x00, 0x00, 0x00, 0x00, 0x06, 0xFF, 0xFC, 0x55, 0x55, 0x55, 0x55, 0x55, 0x55, 0x55, 0x55, 0x55, 0x51, 0x6F, 0xFF,
    0xFF, 0xFF, 0xFF, 0xFF, 0xFF, 0xFF, 0xFF, 0xFF, 0xFF, 0xFF, 0x36, 0xFF, 0xFF, 0xFF, 0xFF, 0xFF, 0xFF, 0xFF, 0xFF, 0xFF,
    0xFF, 0xFF, 0xF3, 0x6F, 0xFF, 0xFF, 0xFF, 0xFF, 0xFF, 0xFF, 0xFF, 0xFF, 0xFF, 0xFF, 0xFF, 0x30, 0x14, 0x44, 0x44, 0x44,
    0x44, 0x44, 0x44, 0x44, 0x44, 0x44, 0x44, 0x06, 0xFF, 0xFF, 0xFF, 0xFF, 0xFF, 0xFF, 0xFF, 0xFF, 0xFF, 0xFF, 0xF2, 0x6F,
    0xFF, 0xFF, 0xFF, 0xFF, 0xFF, 0xFF, 0xFF, 0xFF, 0xFF, 0xFF, 0x26, 0xFF, 0xFF, 0xFF, 0xFF, 0xFF, 0xFF, 0xFF, 0xFF, 0xFF,
    0xFF, 0xF2, 0x6F, 0xFF, 0xB2, 0x22, 0x22, 0x22, 0x22, 0x22, 0x22, 0x22, 0x22, 0x06, 0xFF, 0xFB, 0x00, 0x00, 0x00, 0x00,
    0x00, 0x00, 0x00, 0x00, 0x00, 0x6F, 0xFF, 0xB0, 0x00, 0x00, 0x00, 0x00, 0x00, 0x00, 0x00, 0x00, 0x06, 0xFF, 0xFB, 0x00,
    0x00, 0x00, 0x00, 0x00, 0x00, 0x00, 0x00, 0x00, 0x6F, 0xFF, 0xB0, 0x00, 0x00, 0x00, 0x00, 0x00, 0x00, 0x00, 0x00, 0x06,
    0xFF, 0xFB, 0x00, 0x00, 0x00, 0x00, 0x00, 0x00, 0x00, 0x00, 0x00, 0x6F, 0xFF, 0xB0, 0x00, 0x00, 0x00, 0x00, 0x00, 0x00,
    0x00, 0x00, 0x06, 0xFF, 0xFB, 0x00, 0x00, 0x00, 0x00, 0x00, 0x00, 0x00, 0x00, 0x00, 0x6F, 0xFF, 0xB0, 0x00, 0x00, 0x00,
    0x00, 0x00, 0x00, 0x00, 0x00, 0x06, 0xFF, 0xFB, 0x00, 0x00, 0x00, 0x00, 0x00, 0x00, 0x00, 0x00, 0x00, 0x6F, 0xFF, 0xB0,
    0x00, 0x00, 0x00, 0x00, 0x00, 0x00, 0x00, 0x00, 0x06, 0xFF, 0xFE, 0xBB, 0xBB, 0xBB, 0xBB, 0xBB, 0xBB, 0xBB, 0xBB, 0x70,
    0x6F, 0xFF, 0xFF, 0xFF, 0xFF, 0xFF, 0xFF, 0xFF, 0xFF, 0xFF, 0xF9, 0x06, 0xFF, 0xFF, 0xFF, 0xFF, 0xFF, 0xFF, 0xFF, 0xFF,
    0xFF, 0xFF, 0x90, 0x6F, 0xFF, 0xEA, 0xAA, 0xAA, 0xAA, 0xAA, 0xAA, 0xAA, 0xAA, 0xA6, 0x06, 0xFF, 0xFB, 0x00, 0x00, 0x00,
    0x00, 0x00, 0x00, 0x00, 0x00, 0x00, 0x6F, 0xFF, 0xB0, 0x00, 0x00, 0x00, 0x00, 0x00, 0x00, 0x00, 0x00, 0x06, 0xFF, 0xFB,
    0x00, 0x00, 0x00, 0x00, 0x00, 0x00, 0x00, 0x00, 0x00, 0x6F, 0xFF, 0xB0, 0x00, 0x00, 0x00, 0x00, 0x00, 0x00, 0x00, 0x00,
    0x06, 0xFF, 0xFB, 0x00, 0x00, 0x00, 0x00, 0x00, 0x00, 0x00, 0x00, 0x00, 0x6F, 0xFF, 0xB0, 0x00, 0x00, 0x00, 0x00, 0x00,
    0x00, 0x00, 0x00, 0x06, 0xFF, 0xFB, 0x00, 0x00, 0x00, 0x00, 0x00, 0x00, 0x00, 0x00, 0x00, 0x6F, 0xFF, 0xB0, 0x00, 0x00,
    0x00, 0x00, 0x00, 0x00, 0x00, 0x00, 0x06, 0xFF, 0xFB, 0x00, 0x00, 0x00, 0x00, 0x00, 0x00, 0x00, 0x00, 0x00, 0x6F, 0xFF,
    0xB0, 0x00, 0x00, 0x00, 0x00, 0x00, 0x00, 0x00, 0x00, 0x06, 0xFF, 0xFB, 0x00, 0x00, 0x00, 0x00, 0x00, 0x00, 0x00, 0x00,
    0x00, 0x6F, 0xFF, 0xB0, 0x00, 0x00, 0x00, 0x00, 0x00, 0x00, 0x00, 0x00, 0x00, 0x00, 0x00, 0x00, 0x00, 0x00, 0x36, 0x8A,
    0xBB, 0xB9, 0x85, 0x20, 0x00, 0x00, 0x00, 0x00, 0x00, 0x00, 0x00, 0x28, 0xEF, 0xFF, 0xFF, 0xFF, 0xFF, 0xFF, 0xC6, 0x00,
    0x00, 0x00, 0x00, 0x00, 0x01, 0x8F, 0xFF, 0xFF, 0xFF, 0xFF, 0xFF, 0xFF, 0xFF, 0xFD, 0x30, 0x00, 0x00, 0x00, 0x02, 0xCF,
    0xFF, 0xFF, 0xFD, 0xB9, 0x9A, 0xCF, 0xFF, 0xFF, 0xFF, 0x50, 0x00, 0x00, 0x02, 0xDF, 0xFF, 0xFD, 0x61, 0x00, 0x00, 0x00,
    0x15, 0xBF, 0xFF, 0xFF, 0x40, 0x00, 0x00, 0xCF, 0xFF, 0xF8, 0x10, 0x00, 0x00, 0x00, 0x00, 0x00, 0x6E, 0xFF, 0xFE, 0x10,
    0x00, 0x8F, 0xFF, 0xF7, 0x00, 0x00, 0x00, 0x00, 0x00, 0x00, 0x00, 0x4F, 0xFF, 0xF9, 0x00, 0x2F, 0xFF, 0xF8, 0x00, 0x00,
    0x00, 0x00, 0x00, 0x00, 0x00, 0x00, 0x6F, 0xDA, 0x60, 0x09, 0xFF, 0xFD, 0x00, 0x00, 0x00, 0x00, 0x00, 0x00, 0x00, 0x00,
    0x00, 0x20, 0x00, 0x00, 0xEF, 0xFF, 0x60, 0x00, 0x00, 0x00, 0x00, 0x00, 0x00, 0x00, 0x00, 0x00, 0x00, 0x00, 0x4F, 0xFF,
    0xF1, 0x00, 0x00, 0x00, 0x00, 0x00, 0x00, 0x00, 0x00, 0x00, 0x00, 0x00, 0x07, 0xFF, 0xFC, 0x00, 0x00, 0x00, 0x00, 0x00,
    0x00, 0x00, 0x00, 0x00, 0x00, 0x00, 0x00, 0x9F, 0xFF, 0x90, 0x00, 0x00, 0x00, 0x00, 0x00, 0x00, 0x00, 0x00, 0x00, 0x00,
    0x00, 0x0B, 0xFF, 0xF7, 0x00, 0x00, 0x00, 0x00, 0x00, 0x00, 0x00, 0x00, 0x00, 0x00, 0x00, 0x00, 0xBF, 0xFF, 0x60, 0x00,
    0x00, 0x00, 0x00, 0x00, 0x00, 0x00, 0x00, 0x00, 0x00, 0x00, 0x0C, 0xFF, 0xF6, 0x00, 0x00, 0x00, 0x00, 0x00, 0x18, 0x88,
    0x88, 0x88, 0x88, 0x88, 0x85, 0xBF, 0xFF, 0x60, 0x00, 0x00, 0x00, 0x00, 0x02, 0xFF, 0xFF, 0xFF, 0xFF, 0xFF, 0xFF, 0xAA,
    0xFF, 0xF7, 0x00, 0x00, 0x00, 0x00, 0x00, 0x2F, 0xFF, 0xFF, 0xFF, 0xFF, 0xFF, 0xFA, 0x9F, 0xFF, 0x90, 0x00, 0x00, 0x00,
    0x00, 0x02, 0xEE, 0xEE, 0xEE, 0xEE, 0xEF, 0xFF, 0xA6, 0xFF, 0xFC, 0x00, 0x00, 0x00, 0x00, 0x00, 0x00, 0x00, 0x00, 0x00,
    0x01, 0xFF, 0xFA, 0x3F, 0xFF, 0xF1, 0x00, 0x00, 0x00, 0x00, 0x00, 0x00, 0x00, 0x00, 0x00, 0x1F, 0xFF, 0xA0, 0xEF, 0xFF,
    0x70, 0x00, 0x00, 0x00, 0x00, 0x00, 0x00, 0x00, 0x00, 0x01, 0xFF, 0xFA, 0x09, 0xFF, 0xFD, 0x00, 0x00, 0x00, 0x00, 0x00,
    0x00, 0x00, 0x00, 0x00, 0x1F, 0xFF, 0xA0, 0x2E, 0xFF, 0xF9, 0x00, 0x00, 0x00, 0x00, 0x00, 0x00, 0x00, 0x00, 0x01, 0xFF,
    0xFA, 0x00, 0x7F, 0xFF, 0xF7, 0x00, 0x00, 0x00, 0x00, 0x00, 0x00, 0x00, 0x00, 0x6F, 0xFF, 0xA0, 0x00, 0xCF, 0xFF, 0xF8,
    0x00, 0x00, 0x00, 0x00, 0x00, 0x00, 0x01, 0x9F, 0xFF, 0xFA, 0x00, 0x02, 0xDF, 0xFF, 0xFC, 0x50, 0x00, 0x00, 0x00, 0x00,
    0x38, 0xEF, 0xFF, 0xFD, 0x20, 0x00, 0x02, 0xDF, 0xFF, 0xFF, 0xEA, 0x76, 0x56, 0x7A, 0xDF, 0xFF, 0xFF, 0xFA, 0x10, 0x00,
    0x00, 0x01, 0x9F, 0xFF, 0xFF, 0xFF, 0xFF, 0xFF, 0xFF, 0xFF, 0xFF, 0xD5, 0x00, 0x00, 0x00, 0x00, 0x00, 0x3A, 0xFF, 0xFF,
    0xFF, 0xFF, 0xFF, 0xFF, 0xFB, 0x50, 0x00, 0x00, 0x00, 0x00, 0x00, 0x00, 0x01, 0x69, 0xCE, 0xFF, 0xED, 0xB9, 0x61, 0x00,
    0x00, 0x00, 0x00, 0x14, 0x44, 0x30, 0x00, 0x00, 0x00, 0x00, 0x00, 0x00, 0x00, 0x03, 0x44, 0x42, 0x6F, 0xFF, 0xB0, 0x00,
    0x00, 0x00, 0x00, 0x00, 0x00, 0x00, 0x0A, 0xFF, 0xF7, 0x6F, 0xFF, 0xB0, 0x00, 0x00, 0x00, 0x00, 0x00, 0x00, 0x00, 0x0A,
    0xFF, 0xF7, 0x6F, 0xFF, 0xB0, 0x00, 0x00, 0x00, 0x00, 0x00, 0x00, 0x00, 0x0A, 0xFF, 0xF7, 0x6F, 0xFF, 0xB0, 0x00, 0x00,
    0x00, 0x00, 0x00, 0x00, 0x00, 0x0A, 0xFF, 0xF7, 0x6F, 0xFF, 0xB0, 0x00, 0x00, 0x00, 0x00, 0x00, 0x00, 0x00, 0x0A, 0xFF,
    0xF7, 0x6F, 0xFF, 0xB0, 0x00, 0x00, 0x00, 0x00, 0x00, 0x00, 0x00, 0x0A, 0xFF, 0xF7, 0x6F, 0xFF, 0xB0, 0x00, 0x00, 0x00,
    0x00, 0x00, 0x00, 0x00, 0x0A, 0xFF, 0xF7, 0x6F, 0xFF, 0xB0, 0x00, 0x00, 0x00, 0x00, 0x00, 0x00, 0x00, 0x0A, 0xFF, 0xF7,
    0x6F, 0xFF, 0xB0, 0x00, 0x00, 0x00, 0x00, 0x00, 0x00, 0x00, 0x0A, 0xFF, 0xF7, 0x6F, 0xFF, 0xB0, 0x00, 0x00, 0x00, 0x00,
    0x00, 0x00, 0x00, 0x0A, 0xFF, 0xF7, 0x6F, 0xFF, 0xB0, 0x00, 0x00, 0x00, 0x00, 0x00, 0x00, 0x00, 0x0A, 0xFF, 0xF7, 0x6F,
    0xFF, 0xB0, 0x00, 0x00, 0x00, 0x00, 0x00, 0x00, 0x00, 0x0A, 0xFF, 0xF7, 0x6F, 0xFF, 0xD8, 0x88, 0x88, 0x88, 0x88, 0x88,
    0x88, 0x88, 0x8D, 0xFF, 0xF7, 0x6F, 0xFF, 0xFF, 0xFF, 0xFF, 0xFF, 0xFF, 0xFF, 0xFF, 0xFF, 0xFF, 0xFF, 0xF7, 0x6F, 0xFF,
    0xFF, 0xFF, 0xFF, 0xFF, 0xFF, 0xFF, 0xFF, 0xFF, 0xFF, 0xFF, 0xF7, 0x6F, 0xFF, 0xFE, 0xEE, 0xEE, 0xEE, 0xEE, 0xEE, 0xEE,
    0xEE, 0xEF, 0xFF, 0xF7, 0x6F, 0xFF, 0xB0, 0x00, 0x00, 0x00, 0x00, 0x00, 0x00, 0x00, 0x0A, 0xFF, 0xF7, 0x6F, 0xFF, 0xB0,
    0x00, 0x00, 0x00, 0x00, 0x00, 0x00, 0x00, 0x0A, 0xFF, 0xF7, 0x6F, 0xFF, 0xB0, 0x00, 0x00, 0x00, 0x00, 0x00, 0x00, 0x00,
    0x0A, 0xFF, 0xF7, 0x6F, 0xFF, 0xB0, 0x00, 0x00, 0x00, 0x00, 0x00, 0x00, 0x00, 0x0A, 0xFF, 0xF7, 0x6F, 0xFF, 0xB0, 0x00,
    0x00, 0x00, 0x00, 0x00, 0x00, 0x00, 0x0A, 0xFF, 0xF7, 0x6F, 0xFF, 0xB0, 0x00, 0x00, 0x00, 0x00, 0x00, 0x00, 0x00, 0x0A,
    0xFF, 0xF7, 0x6F, 0xFF, 0xB0, 0x00, 0x00, 0x00, 0x00, 0x00, 0x00, 0x00, 0x0A, 0xFF, 0xF7, 0x6F, 0xFF, 0xB0, 0x00, 0x00,
    0x00, 0x00, 0x00, 0x00, 0x00, 0x0A, 0xFF, 0xF7, 0x6F, 0xFF, 0xB0, 0x00, 0x00, 0x00, 0x00, 0x00, 0x00, 0x00, 0x0A, 0xFF,
    0xF7, 0x6F, 0xFF, 0xB0, 0x00, 0x00, 0x00, 0x00, 0x00, 0x00, 0x00, 0x0A, 0xFF, 0xF7, 0x6F, 0xFF, 0xB0, 0x00, 0x00, 0x00,
    0x00, 0x00, 0x00, 0x00, 0x0A, 0xFF, 0xF7, 0x6F, 0xFF, 0xB0, 0x00, 0x00, 0x00, 0x00, 0x00, 0x00, 0x00, 0x0A, 0xFF, 0xF7,
    0x6F, 0xFF, 0xB0, 0x00, 0x00, 0x00, 0x00, 0x00, 0x00, 0x00, 0x0A, 0xFF, 0xF7, 0x6F, 0xFF, 0xB0, 0x00, 0x00, 0x00, 0x00,
    0x00, 0x00, 0x00, 0x0A, 0xFF, 0xF7, 0x44, 0x43, 0xEF, 0xFE, 0xEF, 0xFE, 0xEF, 0xFE, 0xEF, 0xFE, 0xEF, 0xFE, 0xEF, 0xFE,
    0xEF, 0xFE, 0xEF, 0xFE, 0xEF, 0xFE, 0xEF, 0xFE, 0xEF, 0xFE, 0xEF, 0xFE, 0xEF, 0xFE, 0xEF, 0xFE, 0xEF, 0xFE, 0xEF, 0xFE,
    0xEF, 0xFE, 0xEF, 0xFE, 0xEF, 0xFE, 0xEF, 0xFE, 0xEF, 0xFE, 0xEF, 0xFE, 0xEF, 0xFE, 0xEF, 0xFE, 0xEF, 0xFE, 0xEF, 0xFE,
    0xEF, 0xFE, 0xEF, 0xFE, 0xEF, 0xFE, 0xEF, 0xFE, 0x00, 0x00, 0x00, 0x00, 0x14, 0x44, 0x44, 0x44, 0x44, 0x30, 0x00, 0x00,
    0x00, 0x03, 0xFF, 0xFF, 0xFF, 0xFF, 0xFB, 0x00, 0x00, 0x00, 0x00, 0x3F, 0xFF, 0xFF, 0xFF, 0xFF, 0xB0, 0x00, 0x00, 0x00,
    0x03, 0xFF, 0xFF, 0xFF, 0xFF, 0xFB, 0x00, 0x00, 0x00, 0x00, 0x02, 0x22, 0x22, 0x6F, 0xFF, 0xB0, 0x00, 0x00, 0x00, 0x00,
    0x00, 0x00, 0x05, 0xFF, 0xFB, 0x00, 0x00, 0x00, 0x00, 0x00, 0x00, 0x00, 0x5F, 0xFF, 0xB0, 0x00, 0x00, 0x00, 0x00, 0x00,
    0x00, 0x05, 0xFF, 0xFB, 0x00, 0x00, 0x00, 0x00, 0x00, 0x00, 0x00, 0x5F, 0xFF, 0xB0, 0x00, 0x00, 0x00, 0x00, 0x00, 0x00,
    0x05, 0xFF, 0xFB, 0x00, 0x00, 0x00, 0x00, 0x00, 0x00, 0x00, 0x5F, 0xFF, 0xB0, 0x00, 0x00, 0x00, 0x00, 0x00, 0x00, 0x05,
    0xFF, 0xFB, 0x00, 0x00, 0x00, 0x00, 0x00, 0x00, 0x00, 0x5F, 0xFF, 0xB0, 0x00, 0x00, 0x00, 0x00, 0x00, 0x00, 0x05, 0xFF,
    0xFB, 0x00, 0x00, 0x00, 0x00, 0x00, 0x00, 0x00, 0x5F, 0xFF, 0xB0, 0x00, 0x00, 0x00, 0x00, 0x00, 0x00, 0x05, 0xFF, 0xFB,
    0x00, 0x00, 0x00, 0x00, 0x00, 0x00, 0x00, 0x5F, 0xFF, 0xB0, 0x00, 0x00, 0x00, 0x00, 0x00, 0x00, 0x05, 0xFF, 0xFB, 0x00,
    0x00, 0x00, 0x00, 0x00, 0x00, 0x00, 0x5F, 0xFF, 0xB0, 0x00, 0x00, 0x00, 0x00, 0x00, 0x00, 0x05, 0xFF, 0xFB, 0x00, 0x00,
    0x00, 0x00, 0x00, 0x00, 0x00, 0x5F, 0xFF, 0xB0, 0x00, 0x00, 0x00, 0x00, 0x00, 0x00, 0x05, 0xFF, 0xFB, 0x00, 0x01, 0x20,
    0x00, 0x00, 0x00, 0x00, 0x6F, 0xFF, 0xB2, 0xCE, 0xFD, 0x00, 0x00, 0x00, 0x00, 0x07, 0xFF, 0xF9, 0x1E, 0xFF, 0xF4, 0x00,
    0x00, 0x00, 0x00, 0xCF, 0xFF, 0x60, 0xAF, 0xFF, 0xC0, 0x00, 0x00, 0x00, 0x3F, 0xFF, 0xF2, 0x04, 0xFF, 0xFF, 0xA1, 0x00,
    0x00, 0x2D, 0xFF, 0xFA, 0x00, 0x0A, 0xFF, 0xFF, 0xD8, 0x56, 0x9E, 0xFF, 0xFE, 0x20, 0x00, 0x1C, 0xFF, 0xFF, 0xFF, 0xFF,
    0xFF, 0xFF, 0x50, 0x00, 0x00, 0x19, 0xFF, 0xFF, 0xFF, 0xFF, 0xFD, 0x40, 0x00, 0x00, 0x00, 0x03, 0x8C, 0xEF, 0xFD, 0xA5,
    0x00, 0x00, 0x00, 0x14, 0x44, 0x30, 0x00, 0x00, 0x00, 0x00, 0x00, 0x00, 0x04, 0x44, 0x43, 0x00, 0x6F, 0xFF, 0xB0, 0x00,
    0x00, 0x00, 0x00, 0x00, 0x00, 0xAF, 0xFF, 0xE3, 0x00, 0x6F, 0xFF, 0xB0, 0x00, 0x00, 0x00, 0x00, 0x00, 0x09, 0xFF, 0xFE,
    0x30, 0x00, 0x6F, 0xFF, 0xB0, 0x00, 0x00, 0x00, 0x00, 0x00, 0x9F, 0xFF, 0xE4, 0x00, 0x00, 0x6F, 0xFF, 0xB0, 0x00, 0x00,
    0x00, 0x00, 0x08, 0xFF, 0xFE, 0x40, 0x00, 0x00, 0x6F, 0xFF, 0xB0, 0x00, 0x00, 0x00, 0x00, 0x8F, 0xFF, 0xE4, 0x00, 0x00,
    0x00, 0x6F, 0xFF, 0xB0, 0x00, 0x00, 0x00, 0x07, 0xFF, 0xFF, 0x40, 0x00, 0x00, 0x00, 0x6F, 0xFF, 0xB0, 0x00, 0x00, 0x00,
    0x7F, 0xFF, 0xF4, 0x00, 0x00, 0x00, 0x00, 0x6F, 0xFF, 0xB0, 0x00, 0x00, 0x05, 0xFF, 0xFF, 0x50, 0x00, 0x00, 0x00, 0x00,
    0x6F, 0xFF, 0xB0, 0x00, 0x00, 0x3E, 0xFF, 0xF5, 0x00, 0x00, 0x00, 0x00, 0x00, 0x6F, 0xFF, 0xB0, 0x00, 0x02, 0xEF, 0xFF,
    0x50, 0x00, 0x00, 0x00, 0x00, 0x00, 0x6F, 0xFF, 0xB0, 0x00, 0x2E, 0xFF, 0xF5, 0x00, 0x00, 0x00, 0x00, 0x00, 0x00, 0x6F,
    0xFF, 0xB0, 0x02, 0xDF, 0xFF, 0x60, 0x00, 0x00, 0x00, 0x00, 0x00, 0x00, 0x6F, 0xFF, 0xB0, 0x2D, 0xFF, 0xF8, 0x00, 0x00,
    0x00, 0x00, 0x00, 0x00, 0x00, 0x6F, 0xFF, 0xB1, 0xDF, 0xFF, 0xF9, 0x00, 0x00, 0x00, 0x00, 0x00, 0x00, 0x00, 0x6F, 0xFF,
    0xCC, 0xFF, 0xFF, 0xFF, 0x60, 0x00, 0x00, 0x00, 0x00, 0x00, 0x00, 0x6F, 0xFF, 0xFF, 0xFF, 0xAF, 0xFF, 0xF4, 0x00, 0x00,
    0x00, 0x00, 0x00, 0x00, 0x6F, 0xFF, 0xFF, 0xE4, 0x06, 0xFF, 0xFE, 0x20, 0x00, 0x00, 0x00, 0x00, 0x00, 0x6F, 0xFF, 0xFC,
    0x20, 0x00, 0x9F, 0xFF, 0xD1, 0x00, 0x00, 0x00, 0x00, 0x00, 0x6F, 0xFF, 0xC0, 0x00, 0x00, 0x0C, 0xFF, 0xFB, 0x00, 0x00,
    0x00, 0x00, 0x00, 0x6F, 0xFF, 0xB0, 0x00, 0x00, 0x03, 0xFF, 0xFF, 0xA0, 0x00, 0x00, 0x00, 0x00, 0x6F, 0xFF, 0xB0, 0x00,
    0x00, 0x00, 0x5F, 0xFF, 0xF7, 0x00, 0x00, 0x00, 0x00, 0x6F, 0xFF, 0xB0, 0x00, 0x00, 0x00, 0x08, 0xFF, 0xFF, 0x50, 0x00,
    0x00, 0x00, 0x6F, 0xFF, 0xB0, 0x00, 0x00, 0x00, 0x00, 0xAF, 0xFF, 0xF3, 0x00, 0x00, 0x00, 0x6F, 0xFF, 0xB0, 0x00, 0x00,
    0x00, 0x00, 0x1C, 0xFF, 0xFE, 0x20, 0x00, 0x00, 0x6F, 0xFF, 0xB0, 0x00, 0x00, 0x00, 0x00, 0x02, 0xEF, 0xFF, 0xD1, 0x00,
    0x00, 0x6F, 0xFF, 0xB0, 0x00, 0x00, 0x00, 0x00, 0x00, 0x4F, 0xFF, 0xFB, 0x00, 0x00, 0x6F, 0xFF, 0xB0, 0x00, 0x00, 0x00,
    0x00, 0x00, 0x06, 0xFF, 0xFF, 0x90, 0x00, 0x6F, 0xFF, 0xB0, 0x00, 0x00, 0x00, 0x00, 0x00, 0x00, 0x8F, 0xFF, 0xF7, 0x00,
    0x6F, 0xFF, 0xB0, 0x00, 0x00, 0x00, 0x00, 0x00, 0x00, 0x0B, 0xFF, 0xFF, 0x50, 0x6F, 0xFF, 0xB0, 0x00, 0x00, 0x00, 0x00,
    0x00, 0x00, 0x01, 0xDF, 0xFF, 0xE3, 0x14, 0x44, 0x40, 0x00, 0x00, 0x00, 0x00, 0x00, 0x00, 0x00, 0x06, 0xFF, 0xFE, 0x00,
    0x00, 0x00, 0x00, 0x00, 0x00, 0x00, 0x00, 0x6F, 0xFF, 0xE0, 0x00, 0x00, 0x00, 0x00, 0x00, 0x00, 0x00, 0x06, 0xFF, 0xFE,
    0x00, 0x00, 0x00, 0x00, 0x00, 0x00, 0x00, 0x00, 0x6F, 0xFF, 0xE0, 0x00, 0x00, 0x00, 0x00, 0x00, 0x00, 0x00, 0x06, 0xFF,
    0xFE, 0x00, 0x00, 0x00, 0x00, 0x00, 0x00, 0x00, 0x00, 0x6F, 0xFF, 0xE0, 0x00, 0x00, 0x00, 0x00, 0x00, 0x00, 0x00, 0x06,
    0xFF, 0xFE, 0x00, 0x00, 0x00, 0x00, 0x00, 0x00, 0x00, 0x00, 0x6F, 0xFF, 0xE0, 0x00, 0x00, 0x00, 0x00, 0x00, 0x00, 0x00,
    0x06, 0xFF, 0xFE, 0x00, 0x00, 0x00, 0x00, 0x00, 0x00, 0x00, 0x00, 0x6F, 0xFF, 0xE0, 0x00, 0x00, 0x00, 0x00, 0x00, 0x00,
    0x00, 0x06, 0xFF, 0xFE, 0x00, 0x00, 0x00, 0x00, 0x00, 0x00, 0x00, 0x00, 0x6F, 0xFF, 0xE0, 0x00, 0x00, 0x00, 0x00, 0x00,
    0x00, 0x00, 0x06, 0xFF, 0xFE, 0x00, 0x00, 0x00, 0x00, 0x00, 0x00, 0x00, 0x00, 0x6F, 0xFF, 0xE0, 0x00, 0x00, 0x00, 0x00,
    0x00, 0x00, 0x00, 0x06, 0xFF, 0xFE, 0x00, 0x00, 0x00, 0x00, 0x00, 0x00, 0x00, 0x00, 0x6F, 0xFF, 0xE0, 0x00, 0x00, 0x00,
    0x00, 0x00, 0x00, 0x00, 0x06, 0xFF, 0xFE, 0x00, 0x00, 0x00, 0x00, 0x00, 0x00, 0x00, 0x00, 0x6F, 0xFF, 0xE0, 0x00, 0x00,
    0x00, 0x00, 0x00, 0x00, 0x00, 0x06, 0xFF, 0xFE, 0x00, 0x00, 0x00, 0x00, 0x00, 0x00, 0x00, 0x00, 0x6F, 0xFF, 0xE0, 0x00,
    0x00, 0x00, 0x00, 0x00, 0x00, 0x00, 0x06, 0xFF, 0xFE, 0x00, 0x00, 0x00, 0x00, 0x00, 0x00, 0x00, 0x00, 0x6F, 0xFF, 0xE0,
    0x00, 0x00, 0x00, 0x00, 0x00, 0x00, 0x00, 0x06, 0xFF, 0xFE, 0x00, 0x00, 0x00, 0x00, 0x00, 0x00, 0x00, 0x00, 0x6F, 0xFF,
    0xE0, 0x00, 0x00, 0x00, 0x00, 0x00, 0x00, 0x00, 0x06, 0xFF, 0xFE, 0x00, 0x00, 0x00, 0x00, 0x00, 0x00, 0x00, 0x00, 0x6F,
    0xFF, 0xE0, 0x00, 0x00, 0x00, 0x00, 0x00, 0x00, 0x00, 0x06, 0xFF, 0xFF, 0x55, 0x55, 0x55, 0x55, 0x55, 0x55, 0x55, 0x53,
    0x6F, 0xFF, 0xFF, 0xFF, 0xFF, 0xFF, 0xFF, 0xFF, 0xFF, 0xFF, 0x86, 0xFF, 0xFF, 0xFF, 0xFF, 0xFF, 0xFF, 0xFF, 0xFF, 0xFF,
    0xF8, 0x6F, 0xFF, 0xFF, 0xFF, 0xFF, 0xFF, 0xFF, 0xFF, 0xFF, 0xFF, 0x80, 0x14, 0x44, 0x44, 0x00, 0x00, 0x00, 0x00, 0x00,
    0x00, 0x00, 0x00, 0x00, 0x04, 0x44, 0x44, 0x16, 0xFF, 0xFF, 0xF4, 0x00, 0x00, 0x00, 0x00, 0x00, 0x00, 0x00, 0x00, 0x04,
    0xFF, 0xFF, 0xF4, 0x6F, 0xFF, 0xFF, 0xA0, 0x00, 0x00, 0x00, 0x00, 0x00, 0x00, 0x00, 0x00, 0x9F, 0xFF, 0xFF, 0x46, 0xFF,
    0xFF, 0xFF, 0x10, 0x00, 0x00, 0x00, 0x00, 0x00, 0x00, 0x00, 0x1E, 0xFF, 0xFF, 0xF4, 0x6F, 0xFF, 0xEF, 0xF7, 0x00, 0x00,
    0x00, 0x00, 0x00, 0x00, 0x00, 0x06, 0xFF, 0xEF, 0xFF, 0x46, 0xFF, 0xFA, 0xFF, 0xC0, 0x00, 0x00, 0x00, 0x00, 0x00, 0x00,
    0x00, 0xBF, 0xFB, 0xFF, 0xF4, 0x6F, 0xFF, 0x6F, 0xFF, 0x30, 0x00, 0x00, 0x00, 0x00, 0x00, 0x00, 0x2F, 0xFF, 0x8F, 0xFF,
    0x46, 0xFF, 0xF3, 0xEF, 0xF9, 0x00, 0x00, 0x00, 0x00, 0x00, 0x00, 0x08, 0xFF, 0xD5, 0xFF, 0xF4, 0x6F, 0xFF, 0x39, 0xFF,
    0xE1, 0x00, 0x00, 0x00, 0x00, 0x00, 0x00, 0xDF, 0xF9, 0x6F, 0xFF, 0x46, 0xFF, 0xF4, 0x4F, 0xFF, 0x60, 0x00, 0x00, 0x00,
    0x00, 0x00, 0x4F, 0xFF, 0x36, 0xFF, 0xF4, 0x6F, 0xFF, 0x40, 0xEF, 0xFB, 0x00, 0x00, 0x00, 0x00, 0x00, 0x0A, 0xFF, 0xD0,
    0x6F, 0xFF, 0x46, 0xFF, 0xF4, 0x08, 0xFF, 0xF2, 0x00, 0x00, 0x00, 0x00, 0x01, 0xEF, 0xF7, 0x06, 0xFF, 0xF4, 0x6F, 0xFF,
    0x40, 0x3F, 0xFF, 0x80, 0x00, 0x00, 0x00, 0x00, 0x6F, 0xFF, 0x20, 0x6F, 0xFF, 0x46, 0xFF, 0xF4, 0x00, 0xCF, 0xFD, 0x00,
    0x00, 0x00, 0x00, 0x0C, 0xFF, 0xB0, 0x06, 0xFF, 0xF4, 0x6F, 0xFF, 0x40, 0x06, 0xFF, 0xF4, 0x00, 0x00, 0x00, 0x02, 0xFF,
    0xF5, 0x00, 0x6F, 0xFF, 0x46, 0xFF, 0xF4, 0x00, 0x1E, 0xFF, 0xA0, 0x00, 0x00, 0x00, 0x8F, 0xFE, 0x00, 0x06, 0xFF, 0xF4,
    0x6F, 0xFF, 0x40, 0x00, 0x9F, 0xFF, 0x10, 0x00, 0x00, 0x0D, 0xFF, 0x90, 0x00, 0x6F, 0xFF, 0x46, 0xFF, 0xF4, 0x00, 0x04,
    0xFF, 0xF7, 0x00, 0x00, 0x04, 0xFF, 0xF3, 0x00, 0x06, 0xFF, 0xF4, 0x6F, 0xFF, 0x40, 0x00, 0x0D, 0xFF, 0xC0, 0x00, 0x00,
    0xAF, 0xFC, 0x00, 0x00, 0x6F, 0xFF, 0x46, 0xFF, 0xF4, 0x00, 0x00, 0x7F, 0xFF, 0x30, 0x00, 0x1F, 0xFF, 0x70, 0x00, 0x06,
    0xFF, 0xF4, 0x6F, 0xFF, 0x40, 0x00, 0x02, 0xFF, 0xF9, 0x00, 0x06, 0xFF, 0xF1, 0x00, 0x00, 0x6F, 0xFF, 0x46, 0xFF, 0xF4,
    0x00, 0x00, 0x0B, 0xFF, 0xE1, 0x00, 0xCF, 0xFA, 0x00, 0x00, 0x06, 0xFF, 0xF4, 0x6F, 0xFF, 0x40, 0x00, 0x00, 0x5F, 0xFF,
    0x50, 0x3F, 0xFF, 0x50, 0x00, 0x00, 0x6F, 0xFF, 0x46, 0xFF, 0xF4, 0x00, 0x00, 0x00, 0xEF, 0xF9, 0x0A, 0xFF, 0xE0, 0x00,
    0x00, 0x06, 0xFF, 0xF4, 0x6F, 0xFF, 0x40, 0x00, 0x00, 0x08, 0xFF, 0xE1, 0xFF, 0xF8, 0x00, 0x00, 0x00, 0x6F, 0xFF, 0x46,
    0xFF, 0xF4, 0x00, 0x00, 0x00, 0x2F, 0xFF, 0x7F, 0xFF, 0x30, 0x00, 0x00, 0x06, 0xFF, 0xF4, 0x6F, 0xFF, 0x40, 0x00, 0x00,
    0x00, 0xCF, 0xFE, 0xFF, 0xC0, 0x00, 0x00, 0x00, 0x6F, 0xFF, 0x46, 0xFF, 0xF4, 0x00, 0x00, 0x00, 0x06, 0xFF, 0xFF, 0xF6,
    0x00, 0x00, 0x00, 0x06, 0xFF, 0xF4, 0x6F, 0xFF, 0x40, 0x00, 0x00, 0x00, 0x1E, 0xFF, 0xFF, 0x10, 0x00, 0x00, 0x00, 0x6F,
    0xFF, 0x46, 0xFF, 0xF4, 0x00, 0x00, 0x00, 0x00, 0x9F, 0xFF, 0xA0, 0x00, 0x00, 0x00, 0x06, 0xFF, 0xF4, 0x6F, 0xFF, 0x40,
    0x00, 0x00, 0x00, 0x04, 0xFF, 0xF4, 0x00, 0x00, 0x00, 0x00, 0x6F, 0xFF, 0x40, 0x14, 0x44, 0x42, 0x00, 0x00, 0x00, 0x00,
    0x00, 0x00, 0x00, 0x01, 0x44, 0x42, 0x6F, 0xFF, 0xFC, 0x00, 0x00, 0x00, 0x00, 0x00, 0x00, 0x00, 0x04, 0xFF, 0xF7, 0x6F,
    0xFF, 0xFF, 0x70, 0x00, 0x00, 0x00, 0x00, 0x00, 0x00, 0x04, 0xFF, 0xF7, 0x6F, 0xFF, 0xFF, 0xF2, 0x00, 0x00, 0x00, 0x00,
    0x00, 0x00, 0x04, 0xFF, 0xF7, 0x6F, 0xFF, 0xFF, 0xFB, 0x00, 0x00, 0x00, 0x00, 0x00, 0x00, 0x04, 0xFF, 0xF7, 0x6F, 0xFF,
    0xDF, 0xFF, 0x60, 0x00, 0x00, 0x00, 0x00, 0x00, 0x04, 0xFF, 0xF7, 0x6F, 0xFF, 0x4F, 0xFF, 0xE1, 0x00, 0x00, 0x00, 0x00,
    0x00, 0x04, 0xFF, 0xF7, 0x6F, 0xFF, 0x28, 0xFF, 0xFA, 0x00, 0x00, 0x00, 0x00, 0x00, 0x04, 0xFF, 0xF7, 0x6F, 0xFF, 0x31,
    0xDF, 0xFF, 0x40, 0x00, 0x00, 0x00, 0x00, 0x04, 0xFF, 0xF7, 0x6F, 0xFF, 0x30, 0x4F, 0xFF, 0xD1, 0x00, 0x00, 0x00, 0x00,
    0x04, 0xFF, 0xF7, 0x6F, 0xFF, 0x40, 0x0A, 0xFF, 0xF8, 0x00, 0x00, 0x00, 0x00, 0x04, 0xFF, 0xF7, 0x6F, 0xFF, 0x40, 0x01,
    0xEF, 0xFF, 0x30, 0x00, 0x00, 0x00, 0x04, 0xFF, 0xF7, 0x6F, 0xFF, 0x40, 0x00, 0x6F, 0xFF, 0xC0, 0x00, 0x00, 0x00, 0x04,
    0xFF, 0xF7, 0x6F, 0xFF, 0x40, 0x00, 0x0B, 0xFF, 0xF9, 0x00, 0x00, 0x00, 0x04, 0xFF, 0xF7, 0x6F, 0xFF, 0x40, 0x00, 0x02,
    0xFF, 0xFF, 0x50, 0x00, 0x00, 0x04, 0xFF, 0xF7, 0x6F, 0xFF, 0x40, 0x00, 0x00, 0x8F, 0xFF, 0xD1, 0x00, 0x00, 0x04, 0xFF,
    0xF7, 0x6F, 0xFF, 0x40, 0x00, 0x00, 0x0D, 0xFF, 0xF9, 0x00, 0x00, 0x04, 0xFF, 0xF7, 0x6F, 0xFF, 0x40, 0x00, 0x00, 0x04,
    0xFF, 0xFF, 0x30, 0x00, 0x04, 0xFF, 0xF7, 0x6F, 0xFF, 0x40, 0x00, 0x00, 0x00, 0x9F, 0xFF, 0xC0, 0x00, 0x04, 0xFF, 0xF7,
    0x6F, 0xFF, 0x40, 0x00, 0x00, 0x00, 0x1D, 0xFF, 0xF7, 0x00, 0x04, 0xFF, 0xF7, 0x6F, 0xFF, 0x40, 0x00, 0x00, 0x00, 0x03,
    0xEF, 0xFE, 0x20, 0x04, 0xFF, 0xF7, 0x6F, 0xFF, 0x40, 0x00, 0x00, 0x00, 0x00, 0x7F, 0xFF, 0xB0, 0x04, 0xFF, 0xF7, 0x6F,
    0xFF, 0x40, 0x00, 0x00, 0x00, 0x00, 0x0C, 0xFF, 0xF5, 0x03, 0xFF, 0xF7, 0x6F, 0xFF, 0x40, 0x00, 0x00, 0x00, 0x00, 0x03,
    0xFF, 0xFE, 0x13, 0xFF, 0xF7, 0x6F, 0xFF, 0x40, 0x00, 0x00, 0x00, 0x00, 0x00, 0x9F, 0xFF, 0x92, 0xFF, 0xF7, 0x6F, 0xFF,
    0x40, 0x00, 0x00, 0x00, 0x00, 0x00, 0x1E, 0xFF, 0xF5, 0xFF, 0xF7, 0x6F, 0xFF, 0x40, 0x00, 0x00, 0x00, 0x00, 0x00, 0x05,
    0xFF, 0xFD, 0xFF, 0xF7, 0x6F, 0xFF, 0x40, 0x00, 0x00, 0x00, 0x00, 0x00, 0x00, 0xBF, 0xFF, 0xFF, 0xF7, 0x6F, 0xFF, 0x40,
    0x00, 0x00, 0x00, 0x00, 0x00, 0x00, 0x2E, 0xFF, 0xFF, 0xF7, 0x6F, 0xFF, 0x40, 0x00, 0x00, 0x00, 0x00, 0x00, 0x00, 0x07,
    0xFF, 0xFF, 0xF7, 0x6F, 0xFF, 0x40, 0x00, 0x00, 0x00, 0x00, 0x00, 0x00, 0x00, 0xCF, 0xFF, 0xF7, 0x00, 0x00, 0x00, 0x00,
    0x00, 0x37, 0x9A, 0xBB, 0xA9, 0x63, 0x00, 0x00, 0x00, 0x00, 0x00, 0x00, 0x00, 0x00, 0x02, 0x9E, 0xFF, 0xFF, 0xFF, 0xFF,
    0xFF, 0xE8, 0x20, 0x00, 0x00, 0x00, 0x00, 0x00, 0x01, 0x9F, 0xFF, 0xFF, 0xFF, 0xFF, 0xFF, 0xFF, 0xFF, 0xF8, 0x10, 0x00,
    0x00, 0x00, 0x00, 0x2D, 0xFF, 0xFF, 0xFF, 0xDA, 0x99, 0xBD, 0xFF, 0xFF, 0xFF, 0xC2, 0x00, 0x00, 0x00, 0x02, 0xEF, 0xFF,
    0xFD, 0x61, 0x00, 0x00, 0x00, 0x17, 0xDF, 0xFF, 0xFD, 0x20, 0x00, 0x00, 0x1D, 0xFF, 0xFF, 0x80, 0x00, 0x00, 0x00, 0x00,
    0x00, 0x19, 0xFF, 0xFF, 0xC1, 0x00, 0x00, 0x9F, 0xFF, 0xF6, 0x00, 0x00, 0x00, 0x00, 0x00, 0x00, 0x00, 0x7F, 0xFF, 0xF8,
    0x00, 0x03, 0xFF, 0xFF, 0x70, 0x00, 0x00, 0x00, 0x00, 0x00, 0x00, 0x00, 0x08, 0xFF, 0xFF, 0x30, 0x0B, 0xFF, 0xFB, 0x00,
    0x00, 0x00, 0x00, 0x00, 0x00, 0x00, 0x00, 0x00, 0xDF, 0xFF, 0xA0, 0x1F, 0xFF, 0xF4, 0x00, 0x00, 0x00, 0x00, 0x00, 0x00,
    0x00, 0x00, 0x00, 0x6F, 0xFF, 0xE1, 0x5F, 0xFF, 0xE0, 0x00, 0x00, 0x00, 0x00, 0x00, 0x00, 0x00, 0x00, 0x00, 0x1F, 0xFF,
    0xF4, 0x8F, 0xFF, 0xA0, 0x00, 0x00, 0x00, 0x00, 0x00, 0x00, 0x00, 0x00, 0x00, 0x0B, 0xFF, 0xF8, 0xBF, 0xFF, 0x70, 0x00,
    0x00, 0x00, 0x00, 0x00, 0x00, 0x00, 0x00, 0x00, 0x08, 0xFF, 0xFA, 0xCF, 0xFF, 0x50, 0x00, 0x00, 0x00, 0x00, 0x00, 0x00,
    0x00, 0x00, 0x00, 0x06, 0xFF, 0xFC, 0xDF, 0xFF, 0x40, 0x00, 0x00, 0x00, 0x00, 0x00, 0x00, 0x00, 0x00, 0x00, 0x05, 0xFF,
    0xFD, 0xEF, 0xFF, 0x40, 0x00, 0x00, 0x00, 0x00, 0x00, 0x00, 0x00, 0x00, 0x00, 0x05, 0xFF, 0xFD, 0xDF, 0xFF, 0x40, 0x00,
    0x00, 0x00, 0x00, 0x00, 0x00, 0x00, 0x00, 0x00, 0x05, 0xFF, 0xFD, 0xCF, 0xFF, 0x50, 0x00, 0x00, 0x00, 0x00, 0x00, 0x00,
    0x00, 0x00, 0x00, 0x06, 0xFF, 0xFC, 0xBF, 0xFF, 0x70, 0x00, 0x00, 0x00, 0x00, 0x00, 0x00, 0x00, 0x00, 0x00, 0x08, 0xFF,
    0xFA, 0x8F, 0xFF, 0xA0, 0x00, 0x00, 0x00, 0x00, 0x00, 0x00, 0x00, 0x00, 0x00, 0x0B, 0xFF, 0xF8, 0x5F, 0xFF, 0xE0, 0x00,
    0x00, 0x00, 0x00, 0x00, 0x00, 0x00, 0x00, 0x00, 0x0E, 0xFF, 0xF4, 0x1F, 0xFF, 0xF4, 0x00, 0x00, 0x00, 0x00, 0x00, 0x00,
    0x00, 0x00, 0x00, 0x4F, 0xFF, 0xE1, 0x0B, 0xFF, 0xFB, 0x00, 0x00, 0x00, 0x00, 0x00, 0x00, 0x00, 0x00, 0x00, 0xBF, 0xFF,
    0xA0, 0x04, 0xFF, 0xFF, 0x60, 0x00, 0x00, 0x00, 0x00, 0x00, 0x00, 0x00, 0x05, 0xFF, 0xFF, 0x30, 0x00, 0xAF, 0xFF, 0xF5,
    0x00, 0x00, 0x00, 0x00, 0x00, 0x00, 0x00, 0x4F, 0xFF, 0xF8, 0x00, 0x00, 0x1E, 0xFF, 0xFF, 0x60, 0x00, 0x00, 0x00, 0x00,
    0x00, 0x05, 0xEF, 0xFF, 0xD1, 0x00, 0x00, 0x03, 0xEF, 0xFF, 0xFB, 0x30, 0x00, 0x00, 0x00, 0x03, 0xAF, 0xFF, 0xFE, 0x20,
    0x00, 0x00, 0x00, 0x4E, 0xFF, 0xFF, 0xFD, 0x96, 0x55, 0x79, 0xCF, 0xFF, 0xFF, 0xD3, 0x00, 0x00, 0x00, 0x00, 0x02, 0xCF,
    0xFF, 0xFF, 0xFF, 0xFF, 0xFF, 0xFF, 0xFF, 0xFA, 0x10, 0x00, 0x00, 0x00, 0x00, 0x00, 0x05, 0xCF, 0xFF, 0xFF, 0xFF, 0xFF,
    0xFF, 0xFB, 0x40, 0x00, 0x00, 0x00, 0x00, 0x00, 0x00, 0x00, 0x03, 0x7A, 0xDE, 0xFF, 0xEC, 0xA6, 0x20, 0x00, 0x00, 0x00,
    0x00, 0x14, 0x44, 0x44, 0x44, 0x44, 0x44, 0x44, 0x31, 0x00, 0x00, 0x00, 0x00, 0x6F, 0xFF, 0xFF, 0xFF, 0xFF, 0xFF, 0xFF,
    0xFF, 0xEA, 0x50, 0x00, 0x00, 0x6F, 0xFF, 0xFF, 0xFF, 0xFF, 0xFF, 0xFF, 0xFF, 0xFF, 0xFD, 0x40, 0x00, 0x6F, 0xFF, 0xFF,
    0xFF, 0xFF, 0xFF, 0xFF, 0xFF, 0xFF, 0xFF, 0xF6, 0x00, 0x6F, 0xFF, 0xB1, 0x11, 0x11, 0x11, 0x11, 0x36, 0xAF, 0xFF, 0xFF,
    0x40, 0x6F, 0xFF, 0xB0, 0x00, 0x00, 0x00, 0x00, 0x00, 0x04, 0xEF, 0xFF, 0xC0, 0x6F, 0xFF, 0xB0, 0x00, 0x00, 0x00, 0x00,
    0x00, 0x00, 0x4F, 0xFF, 0xF4, 0x6F, 0xFF, 0xB0, 0x00, 0x00, 0x00, 0x00, 0x00, 0x00, 0x0B, 0xFF, 0xF8, 0x6F, 0xFF, 0xB0,
    0x00, 0x00, 0x00, 0x00, 0x00, 0x00, 0x07, 0xFF, 0xFA, 0x6F, 0xFF, 0xB0, 0x00, 0x00, 0x00, 0x00, 0x00, 0x00, 0x06, 0xFF,
    0xFB, 0x6F, 0xFF, 0xB0, 0x00, 0x00, 0x00, 0x00, 0x00, 0x00, 0x06, 0xFF, 0xFB, 0x6F, 0xFF, 0xB0, 0x00, 0x00, 0x00, 0x00,
    0x00, 0x00, 0x07, 0xFF, 0xFA, 0x6F, 0xFF, 0xB0, 0x00, 0x00, 0x00, 0x00, 0x00, 0x00, 0x0B, 0xFF, 0xF7, 0x6F, 0xFF, 0xB0,
    0x00, 0x00, 0x00, 0x00, 0x00, 0x00, 0x4F, 0xFF, 0xF2, 0x6F, 0xFF, 0xB0, 0x00, 0x00, 0x00, 0x00, 0x00, 0x03, 0xEF, 0xFF,
    0xA0, 0x6F, 0xFF, 0xB0, 0x00, 0x00, 0x00, 0x00, 0x25, 0xAF, 0xFF, 0xFE, 0x20, 0x6F, 0xFF, 0xFF, 0xFF, 0xFF, 0xFF, 0xFF,
    0xFF, 0xFF, 0xFF, 0xE3, 0x00, 0x6F, 0xFF, 0xFF, 0xFF, 0xFF, 0xFF, 0xFF, 0xFF, 0xFF, 0xFC, 0x20, 0x00, 0x6F, 0xFF, 0xFF,
    0xFF, 0xFF, 0xFF, 0xFF, 0xFF, 0xEA, 0x40, 0x00, 0x00, 0x6F, 0xFF, 0xC4, 0x44, 0x44, 0x44, 0x44, 0x31, 0x00, 0x00, 0x00,
    0x00, 0x6F, 0xFF, 0xB0, 0x00, 0x00, 0x00, 0x00, 0x00, 0x00, 0x00, 0x00, 0x00, 0x6F, 0xFF, 0xB0, 0x00, 0x00, 0x00, 0x00,
    0x00, 0x00, 0x00, 0x00, 0x00, 0x6F, 0xFF, 0xB0, 0x00, 0x00, 0x00, 0x00, 0x00, 0x00, 0x00, 0x00, 0x00, 0x6F, 0xFF, 0xB0,
    0x00, 0x00, 0x00, 0x00, 0x00, 0x00, 0x00, 0x00, 0x00, 0x6F, 0xFF, 0xB0, 0x00, 0x00, 0x00, 0x00, 0x00, 0x00, 0x00, 0x00,
    0x00, 0x6F, 0xFF, 0xB0, 0x00, 0x00, 0x00, 0x00, 0x00, 0x00, 0x00, 0x00, 0x00, 0x6F, 0xFF, 0xB0, 0x00, 0x00, 0x00, 0x00,
    0x00, 0x00, 0x00, 0x00, 0x00, 0x6F, 0xFF, 0xB0, 0x00, 0x00, 0x00, 0x00, 0x00, 0x00, 0x00, 0x00, 0x00, 0x6F, 0xFF, 0xB0,
    0x00, 0x00, 0x00, 0x00, 0x00, 0x00, 0x00, 0x00, 0x00, 0x6F, 0xFF, 0xB0, 0x00, 0x00, 0x00, 0x00, 0x00, 0x00, 0x00, 0x00,
    0x00, 0x6F, 0xFF, 0xB0, 0x00, 0x00, 0x00, 0x00, 0x00, 0x00, 0x00, 0x00, 0x00, 0x00, 0x00, 0x00, 0x00, 0x00, 0x37, 0x9A,
    0xBB, 0xA9, 0x63, 0x00, 0x00, 0x00, 0x00, 0x00, 0x00, 0x00, 0x00, 0x02, 0x9E, 0xFF, 0xFF, 0xFF, 0xFF, 0xFF, 0xE8, 0x20,
    0x00, 0x00, 0x00, 0x00, 0x00, 0x01, 0x9F, 0xFF, 0xFF, 0xFF, 0xFF, 0xFF, 0xFF, 0xFF, 0xF8, 0x10, 0x00, 0x00, 0x00, 0x00,
    0x2D, 0xFF, 0xFF, 0xFF, 0xDA, 0x99, 0xBD, 0xFF, 0xFF, 0xFF, 0xD2, 0x00, 0x00, 0x00, 0x02, 0xEF, 0xFF, 0xFD, 0x61, 0x00,
    0x00, 0x00, 0x17, 0xDF, 0xFF, 0xFD, 0x20, 0x00, 0x00, 0x1D, 0xFF, 0xFF, 0x80, 0x00, 0x00, 0x00, 0x00, 0x00, 0x19, 0xFF,
    0xFF, 0xC1, 0x00, 0x00, 0x9F, 0xFF, 0xF6, 0x00, 0x00, 0x00, 0x00, 0x00, 0x00, 0x00, 0x7F, 0xFF, 0xF8, 0x00, 0x03, 0xFF,
    0xFF, 0x80, 0x00, 0x00, 0x00, 0x00, 0x00, 0x00, 0x00, 0x09, 0xFF, 0xFF, 0x20, 0x09, 0xFF, 0xFD, 0x00, 0x00, 0x00, 0x00,
    0x00, 0x00, 0x00, 0x00, 0x01, 0xEF, 0xFF, 0x90, 0x1E, 0xFF, 0xF6, 0x00, 0x00, 0x00, 0x00, 0x00, 0x00, 0x00, 0x00, 0x00,
    0x7F, 0xFF, 0xE0, 0x5F, 0xFF, 0xE1, 0x00, 0x00, 0x00, 0x00, 0x00, 0x00, 0x00, 0x00, 0x00, 0x1F, 0xFF, 0xF4, 0x8F, 0xFF,
    0xB0, 0x00, 0x00, 0x00, 0x00, 0x00, 0x00, 0x00, 0x00, 0x00, 0x0C, 0xFF, 0xF7, 0xAF, 0xFF, 0x80, 0x00, 0x00, 0x00, 0x00,
    0x00, 0x00, 0x00, 0x00, 0x00, 0x09, 0xFF, 0xFA, 0xCF, 0xFF, 0x60, 0x00, 0x00, 0x00, 0x00, 0x00, 0x00, 0x00, 0x00, 0x00,
    0x07, 0xFF, 0xFB, 0xDF, 0xFF, 0x40, 0x00, 0x00, 0x00, 0x00, 0x00, 0x00, 0x00, 0x00, 0x00, 0x05, 0xFF, 0xFD, 0xEF, 0xFF,
    0x40, 0x00, 0x00, 0x00, 0x00, 0x00, 0x00, 0x00, 0x00, 0x00, 0x05, 0xFF, 0xFD, 0xDF, 0xFF, 0x40, 0x00, 0x00, 0x00, 0x00,
    0x00, 0x00, 0x00, 0x00, 0x00, 0x05, 0xFF, 0xFD, 0xDF, 0xFF, 0x50, 0x00, 0x00, 0x00, 0x00, 0x00, 0x00, 0x00, 0x00, 0x00,
    0x06, 0xFF, 0xFC, 0xBF, 0xFF, 0x70, 0x00, 0x00, 0x00, 0x00, 0x00, 0x00, 0x00, 0x00, 0x00, 0x08, 0xFF, 0xFA, 0x8F, 0xFF,
    0xA0, 0x00, 0x00, 0x00, 0x00, 0x00, 0x00, 0x00, 0x00, 0x00, 0x0B, 0xFF, 0xF8, 0x5F, 0xFF, 0xE0, 0x00, 0x00, 0x00, 0x00,
    0x00, 0x00, 0x00, 0x00, 0x00, 0x0E, 0xFF, 0xF4, 0x1F, 0xFF, 0xF5, 0x00, 0x00, 0x00, 0x00, 0x00, 0x00, 0x00, 0x00, 0x00,
    0x5F, 0xFF, 0xE0, 0x0A, 0xFF, 0xFC, 0x00, 0x00, 0x00, 0x00, 0x00, 0x00, 0x00, 0x00, 0x00, 0xCF, 0xFF, 0x90, 0x04, 0xFF,
    0xFF, 0x60, 0x00, 0x00, 0x00, 0x00, 0x00, 0x00, 0x00, 0x05, 0xFF, 0xFF, 0x20, 0x00, 0xBF, 0xFF, 0xF4, 0x00, 0x00, 0x00,
    0x00, 0x00, 0x00, 0x00, 0x3E, 0xFF, 0xF9, 0x00, 0x00, 0x2E, 0xFF, 0xFE, 0x40, 0x00, 0x00, 0x00, 0x00, 0x00, 0x03, 0xEF,
    0xFF, 0xD1, 0x00, 0x00, 0x05, 0xFF, 0xFF, 0xF9, 0x20, 0x00, 0x00, 0x00, 0x01, 0x8F, 0xFF, 0xFE, 0x30, 0x00, 0x00, 0x00,
    0x5F, 0xFF, 0xFF, 0xFB, 0x85, 0x44, 0x57, 0xBF, 0xFF, 0xFF, 0xE3, 0x00, 0x00, 0x00, 0x00, 0x03, 0xDF, 0xFF, 0xFF, 0xFF,
    0xFF, 0xFF, 0xFF, 0xFF, 0xFB, 0x20, 0x00, 0x00, 0x00, 0x00, 0x00, 0x07, 0xDF, 0xFF, 0xFF, 0xFF, 0xFF, 0xFF, 0xFC, 0x50,
    0x00, 0x00, 0x00, 0x00, 0x00, 0x00, 0x00, 0x04, 0x8B, 0xDF, 0xFF, 0xFE, 0xA7, 0x20, 0x00, 0x00, 0x00, 0x00, 0x00, 0x00,
    0x00, 0x00, 0x00, 0x00, 0x01, 0xFF, 0xFE, 0x00, 0x00, 0x00, 0x00, 0x00, 0x00, 0x00, 0x00, 0x00, 0x00, 0x00, 0x00, 0x00,
    0xBF, 0xFF, 0x60, 0x00, 0x00, 0x00, 0x00, 0x00, 0x00, 0x00, 0x00, 0x00, 0x00, 0x00, 0x00, 0x5F, 0xFF, 0xD1, 0x00, 0x00,
    0x00, 0x00, 0x00, 0x00, 0x00, 0x00, 0x00, 0x00, 0x00, 0x00, 0x0D, 0xFF, 0xFB, 0x10, 0x00, 0x00, 0x00, 0x00, 0x00, 0x00,
    0x00, 0x00, 0x00, 0x00, 0x00, 0x06, 0xFF, 0xFF, 0xD6, 0x31, 0x24, 0x00, 0x00, 0x00, 0x00, 0x00, 0x00, 0x00, 0x00, 0x00,
    0x00, 0xAF, 0xFF, 0xFF, 0xFF, 0xFF, 0x10, 0x00, 0x00, 0x00, 0x00, 0x00, 0x00, 0x00, 0x00, 0x00, 0x09, 0xFF, 0xFF, 0xFF,
    0xFF, 0x10, 0x00, 0x00, 0x00, 0x00, 0x00, 0x00, 0x00, 0x00, 0x00, 0x00, 0x39, 0xDE, 0xFE, 0xCA, 0x10, 0x00, 0x14, 0x44,
    0x44, 0x44, 0x44, 0x44, 0x44, 0x44, 0x31, 0x00, 0x00, 0x00, 0x00, 0x06, 0xFF, 0xFF, 0xFF, 0xFF, 0xFF, 0xFF, 0xFF, 0xFF,
    0xFE, 0xB6, 0x00, 0x00, 0x00, 0x6F, 0xFF, 0xFF, 0xFF, 0xFF, 0xFF, 0xFF, 0xFF, 0xFF, 0xFF, 0xFD, 0x50, 0x00, 0x06, 0xFF,
    0xFF, 0xFF, 0xFF, 0xFF, 0xFF, 0xFF, 0xFF, 0xFF, 0xFF, 0xFF, 0x70, 0x00, 0x6F, 0xFF, 0xB1, 0x11, 0x11, 0x11, 0x11, 0x11,
    0x25, 0xAF, 0xFF, 0xFF, 0x50, 0x06, 0xFF, 0xFB, 0x00, 0x00, 0x00, 0x00, 0x00, 0x00, 0x00, 0x3D, 0xFF, 0xFE, 0x10, 0x6F,
    0xFF, 0xB0, 0x00, 0x00, 0x00, 0x00, 0x00, 0x00, 0x00, 0x3F, 0xFF, 0xF5, 0x06, 0xFF, 0xFB, 0x00, 0x00, 0x00, 0x00, 0x00,
    0x00, 0x00, 0x00, 0xAF, 0xFF, 0x90, 0x6F, 0xFF, 0xB0, 0x00, 0x00, 0x00, 0x00, 0x00, 0x00, 0x00, 0x06, 0xFF, 0xFB, 0x06,
    0xFF, 0xFB, 0x00, 0x00, 0x00, 0x00, 0x00, 0x00, 0x00, 0x00, 0x5F, 0xFF, 0xC0, 0x6F, 0xFF, 0xB0, 0x00, 0x00, 0x00, 0x00,
    0x00, 0x00, 0x00, 0x06, 0xFF, 0xFB, 0x06, 0xFF, 0xFB, 0x00, 0x00, 0x00, 0x00, 0x00, 0x00, 0x00, 0x00, 0xAF, 0xFF, 0x90,
    0x6F, 0xFF, 0xB0, 0x00, 0x00, 0x00, 0x00, 0x00, 0x00, 0x00, 0x2F, 0xFF, 0xF4, 0x06, 0xFF, 0xFB, 0x00, 0x00, 0x00, 0x00,
    0x00, 0x00, 0x00, 0x1C, 0xFF, 0xFD, 0x00, 0x6F, 0xFF, 0xB0, 0x00, 0x00, 0x00, 0x00, 0x00, 0x01, 0x6E, 0xFF, 0xFF, 0x40,
    0x06, 0xFF, 0xFE, 0xBB, 0xBB, 0xBB, 0xBB, 0xBB, 0xCD, 0xFF, 0xFF, 0xFF, 0x70, 0x00, 0x6F, 0xFF, 0xFF, 0xFF, 0xFF, 0xFF,
    0xFF, 0xFF, 0xFF, 0xFF, 0xFE, 0x50, 0x00, 0x06, 0xFF, 0xFF, 0xFF, 0xFF, 0xFF, 0xFF, 0xFF, 0xFF, 0xFF, 0xC7, 0x10, 0x00,
    0x00, 0x6F, 0xFF, 0xD7, 0x77, 0x77, 0x77, 0x77, 0xBF, 0xFF, 0xB0, 0x00, 0x00, 0x00, 0x06, 0xFF, 0xFB, 0x00, 0x00, 0x00,
    0x00, 0x01, 0xEF, 0xFF, 0x60, 0x00, 0x00, 0x00, 0x6F, 0xFF, 0xB0, 0x00, 0x00, 0x00, 0x00, 0x05, 0xFF, 0xFE, 0x10, 0x00,
    0x00, 0x06, 0xFF, 0xFB, 0x00, 0x00, 0x00, 0x00, 0x00, 0x0B, 0xFF, 0xFA, 0x00, 0x00, 0x00, 0x6F, 0xFF, 0xB0, 0x00, 0x00,
    0x00, 0x00, 0x00, 0x2E, 0xFF, 0xF5, 0x00, 0x00, 0x06, 0xFF, 0xFB, 0x00, 0x00, 0x00, 0x00, 0x00, 0x00, 0x7F, 0xFF, 0xE1,
    0x00, 0x00, 0x6F, 0xFF, 0xB0, 0x00, 0x00, 0x00, 0x00, 0x00, 0x00, 0xCF, 0xFF, 0xA0, 0x00, 0x06, 0xFF, 0xFB, 0x00, 0x00,
    0x00, 0x00, 0x00, 0x00, 0x03, 0xFF, 0xFF, 0x50, 0x00, 0x6F, 0xFF, 0xB0, 0x00, 0x00, 0x00, 0x00, 0x00, 0x00, 0x09, 0xFF,
    0xFE, 0x10, 0x06, 0xFF, 0xFB, 0x00, 0x00, 0x00, 0x00, 0x00, 0x00, 0x00, 0x1D, 0xFF, 0xFA, 0x00, 0x6F, 0xFF, 0xB0, 0x00,
    0x00, 0x00, 0x00, 0x00, 0x00, 0x00, 0x5F, 0xFF, 0xF5, 0x06, 0xFF, 0xFB, 0x00, 0x00, 0x00, 0x00, 0x00, 0x00, 0x00, 0x00,
    0xAF, 0xFF, 0xE1, 0x6F, 0xFF, 0xB0, 0x00, 0x00, 0x00, 0x00, 0x00, 0x00, 0x00, 0x02, 0xEF, 0xFF, 0xA0, 0x00, 0x00, 0x00,
    0x01, 0x58, 0x9B, 0xBB, 0xA9, 0x74, 0x10, 0x00, 0x00, 0x00, 0x00, 0x00, 0x04, 0xBF, 0xFF, 0xFF, 0xFF, 0xFF, 0xFF, 0xFA,
    0x30, 0x00, 0x00, 0x00, 0x01, 0xAF, 0xFF, 0xFF, 0xFF, 0xFF, 0xFF, 0xFF, 0xFF, 0xF7, 0x00, 0x00, 0x00, 0x1C, 0xFF, 0xFF,
    0xEA, 0x86, 0x56, 0x79, 0xDF, 0xFF, 0xFF, 0x70, 0x00, 0x00, 0x9F, 0xFF, 0xF7, 0x10, 0x00, 0x00, 0x00, 0x04, 0xDF, 0xFF,
    0xF3, 0x00, 0x01, 0xFF, 0xFF, 0x40, 0x00, 0x00, 0x00, 0x00, 0x00, 0x1D, 0xFF, 0xFB, 0x00, 0x06, 0xFF, 0xFB, 0x00, 0x00,
    0x00, 0x00, 0x00, 0x00, 0x04, 0xFF, 0xFF, 0x20, 0x08, 0xFF, 0xF7, 0x00, 0x00, 0x00, 0x00, 0x00, 0x00, 0x00, 0x99, 0x64,
    0x10, 0x08, 0xFF, 0xF7, 0x00, 0x00, 0x00, 0x00, 0x00, 0x00, 0x00, 0x00, 0x00, 0x00, 0x07, 0xFF, 0xFB, 0x00, 0x00, 0x00,
    0x00, 0x00, 0x00, 0x00, 0x00, 0x00, 0x00, 0x04, 0xFF, 0xFF, 0x60, 0x00, 0x00, 0x00, 0x00, 0x00, 0x00, 0x00, 0x00, 0x00,
    0x00, 0xCF, 0xFF, 0xFA, 0x20, 0x00, 0x00, 0x00, 0x00, 0x00, 0x00, 0x00, 0x00, 0x00, 0x3F, 0xFF, 0xFF, 0xFC, 0x73, 0x00,
    0x00, 0x00, 0x00, 0x00, 0x00, 0x00, 0x00, 0x05, 0xEF, 0xFF, 0xFF, 0xFF, 0xEA, 0x73, 0x00, 0x00, 0x00, 0x00, 0x00, 0x00,
    0x00, 0x2B, 0xFF, 0xFF, 0xFF, 0xFF, 0xFF, 0xEA, 0x61, 0x00, 0x00, 0x00, 0x00, 0x00, 0x00, 0x39, 0xEF, 0xFF, 0xFF, 0xFF,
    0xFF, 0xFE, 0x92, 0x00, 0x00, 0x00, 0x00, 0x00, 0x00, 0x03, 0x7A, 0xEF, 0xFF, 0xFF, 0xFF, 0xFE, 0x60, 0x00, 0x00, 0x00,
    0x00, 0x00, 0x00, 0x00, 0x03, 0x7A, 0xEF, 0xFF, 0xFF, 0xF6, 0x00, 0x00, 0x00, 0x00, 0x00, 0x00, 0x00, 0x00, 0x00, 0x05,
    0xBF, 0xFF, 0xFF, 0x20, 0x00, 0x00, 0x00, 0x00, 0x00, 0x00, 0x00, 0x00, 0x00, 0x06, 0xFF, 0xFF, 0x90, 0x00, 0x00, 0x00,
    0x00, 0x00, 0x00, 0x00, 0x00, 0x00, 0x00, 0x8F, 0xFF, 0xD0, 0x00, 0x00, 0x00, 0x00, 0x00, 0x00, 0x00, 0x00, 0x00, 0x00,
    0x2F, 0xFF, 0xF0, 0x00, 0x02, 0x00, 0x00, 0x00, 0x00, 0x00, 0x00, 0x00, 0x00, 0x0F, 0xFF, 0xF1, 0x9C, 0xEF, 0x40, 0x00,
    0x00, 0x00, 0x00, 0x00, 0x00, 0x00, 0x1F, 0xFF, 0xF0, 0xAF, 0xFF, 0xC0, 0x00, 0x00, 0x00, 0x00, 0x00, 0x00, 0x00, 0x6F,
    0xFF, 0xC0, 0x3F, 0xFF, 0xF9, 0x00, 0x00, 0x00, 0x00, 0x00, 0x00, 0x02, 0xEF, 0xFF, 0x70, 0x0A, 0xFF, 0xFF, 0xB3, 0x00,
    0x00, 0x00, 0x00, 0x00, 0x6E, 0xFF, 0xFD, 0x10, 0x01, 0xCF, 0xFF, 0xFF, 0xC8, 0x54, 0x33, 0x46, 0x9E, 0xFF, 0xFF, 0xE3,
    0x00, 0x00, 0x1A, 0xFF, 0xFF, 0xFF, 0xFF, 0xFF, 0xFF, 0xFF, 0xFF, 0xFD, 0x30, 0x00, 0x00, 0x00, 0x5C, 0xFF, 0xFF, 0xFF,
    0xFF, 0xFF, 0xFF, 0xFD, 0x70, 0x00, 0x00, 0x00, 0x00, 0x00, 0x26, 0xAC, 0xEF, 0xFF, 0xED, 0xA8, 0x40, 0x00, 0x00, 0x00,
    0x04, 0x44, 0x44, 0x44, 0x44, 0x44, 0x44, 0x44, 0x44, 0x44, 0x44, 0x44, 0x43, 0x0F, 0xFF, 0xFF, 0xFF, 0xFF, 0xFF, 0xFF,
    0xFF, 0xFF, 0xFF, 0xFF, 0xFF, 0xFD, 0x0F, 0xFF, 0xFF, 0xFF, 0xFF, 0xFF, 0xFF, 0xFF, 0xFF, 0xFF, 0xFF, 0xFF, 0xFD, 0x0F,
    0xFF, 0xFF, 0xFF, 0xFF, 0xFF, 0xFF, 0xFF, 0xFF, 0xFF, 0xFF, 0xFF, 0xFD, 0x02, 0x22, 0x22, 0x22, 0x22, 0x2A, 0xFF, 0xF8,
    0x22, 0x22, 0x22, 0x22, 0x21, 0x00, 0x00, 0x00, 0x00, 0x00, 0x09, 0xFF, 0xF7, 0x00, 0x00, 0x00, 0x00, 0x00, 0x00, 0x00,
    0x00, 0x00, 0x00, 0x09, 0xFF, 0xF7, 0x00, 0x00, 0x00, 0x00, 0x00, 0x00, 0x00, 0x00, 0x00, 0x00, 0x09, 0xFF, 0xF7, 0x00,
    0x00, 0x00, 0x00, 0x00, 0x00, 0x00, 0x00, 0x00, 0x00, 0x09, 0xFF, 0xF7, 0x00, 0x00, 0x00, 0x00, 0x00, 0x00, 0x00, 0x00,
    0x00, 0x00, 0x09, 0xFF, 0xF7, 0x00, 0x00, 0x00, 0x00, 0x00, 0x00, 0x00, 0x00, 0x00, 0x00, 0x09, 0xFF, 0xF7, 0x00, 0x00,
    0x00, 0x00, 0x00, 0x00, 0x00, 0x00, 0x00, 0x00, 0x09, 0xFF, 0xF7, 0x00, 0x00, 0x00, 0x00, 0x00, 0x00, 0x00, 0x00, 0x00,
    0x00, 0x09, 0xFF, 0xF7, 0x00, 0x00, 0x00, 0x00, 0x00, 0x00, 0x00, 0x00, 0x00, 0x00, 0x09, 0xFF, 0xF7, 0x00, 0x00, 0x00,
    0x00, 0x00, 0x00, 0x00, 0x00, 0x00, 0x00, 0x09, 0xFF, 0xF7, 0x00, 0x00, 0x00, 0x00, 0x00, 0x00, 0x00, 0x00, 0x00, 0x00,
    0x09, 0xFF, 0xF7, 0x00, 0x00, 0x00, 0x00, 0x00, 0x00, 0x00, 0x00, 0x00, 0x00, 0x09, 0xFF, 0xF7, 0x00, 0x00, 0x00, 0x00,
    0x00, 0x00, 0x00, 0x00, 0x00, 0x00, 0x09, 0xFF, 0xF7, 0x00, 0x00, 0x00, 0x00, 0x00, 0x00, 0x00, 0x00, 0x00, 0x00, 0x09,
    0xFF, 0xF7, 0x00, 0x00, 0x00, 0x00, 0x00, 0x00, 0x00, 0x00, 0x00, 0x00, 0x09, 0xFF, 0xF7, 0x00, 0x00, 0x00, 0x00, 0x00,
    0x00, 0x00, 0x00, 0x00, 0x00, 0x09, 0xFF, 0xF7, 0x00, 0x00, 0x00, 0x00, 0x00, 0x00, 0x00, 0x00, 0x00, 0x00, 0x09, 0xFF,
    0xF7, 0x00, 0x00, 0x00, 0x00, 0x00, 0x00, 0x00, 0x00, 0x00, 0x00, 0x09, 0xFF, 0xF7, 0x00, 0x00, 0x00, 0x00, 0x00, 0x00,
    0x00, 0x00, 0x00, 0x00, 0x09, 0xFF, 0xF7, 0x00, 0x00, 0x00, 0x00, 0x00, 0x00, 0x00, 0x00, 0x00, 0x00, 0x09, 0xFF, 0xF7,
    0x00, 0x00, 0x00, 0x00, 0x00, 0x00, 0x00, 0x00, 0x00, 0x00, 0x09, 0xFF, 0xF7, 0x00, 0x00, 0x00, 0x00, 0x00, 0x00, 0x00,
    0x00, 0x00, 0x00, 0x09, 0xFF, 0xF7, 0x00, 0x00, 0x00, 0x00, 0x00, 0x00, 0x00, 0x00, 0x00, 0x00, 0x09, 0xFF, 0xF7, 0x00,
    0x00, 0x00, 0x00, 0x00, 0x00, 0x00, 0x00, 0x00, 0x00, 0x09, 0xFF, 0xF7, 0x00, 0x00, 0x00, 0x00, 0x00, 0x00, 0x00, 0x00,
    0x00, 0x00, 0x09, 0xFF, 0xF7, 0x00, 0x00, 0x00, 0x00, 0x00, 0x00, 0x00, 0x00, 0x00, 0x00, 0x09, 0xFF, 0xF7, 0x00, 0x00,
    0x00, 0x00, 0x00, 0x24, 0x44, 0x20, 0x00, 0x00, 0x00, 0x00, 0x00, 0x00, 0x00, 0x02, 0x44, 0x42, 0x9F, 0xFF, 0x80, 0x00,
    0x00, 0x00, 0x00, 0x00, 0x00, 0x00, 0x07, 0xFF, 0xFA, 0x9F, 0xFF, 0x80, 0x00, 0x00, 0x00, 0x00, 0x00, 0x00, 0x00, 0x07,
    0xFF, 0xFA, 0x9F, 0xFF, 0x80, 0x00, 0x00, 0x00, 0x00, 0x00, 0x00, 0x00, 0x07, 0xFF, 0xFA, 0x9F, 0xFF, 0x80, 0x00, 0x00,
    0x00, 0x00, 0x00, 0x00, 0x00, 0x07, 0xFF, 0xFA, 0x9F, 0xFF, 0x80, 0x00, 0x00, 0x00, 0x00, 0x00, 0x00, 0x00, 0x07, 0xFF,
    0xFA, 0x9F, 0xFF, 0x80, 0x00, 0x00, 0x00, 0x00, 0x00, 0x00, 0x00, 0x07, 0xFF, 0xFA, 0x9F, 0xFF, 0x80, 0x00, 0x00, 0x00,
    0x00, 0x00, 0x00, 0x00, 0x07, 0xFF, 0xFA, 0x9F, 0xFF, 0x80, 0x00, 0x00, 0x00, 0x00, 0x00, 0x00, 0x00, 0x07, 0xFF, 0xFA,
    0x9F, 0xFF, 0x80, 0x00, 0x00, 0x00, 0x00, 0x00, 0x00, 0x00, 0x07, 0xFF, 0xFA, 0x9F, 0xFF, 0x80, 0x00, 0x00, 0x00, 0x00,
    0x00, 0x00, 0x00, 0x07, 0xFF, 0xFA, 0x9F, 0xFF, 0x80, 0x00, 0x00, 0x00, 0x00, 0x00, 0x00, 0x00, 0x07, 0xFF, 0xFA, 0x9F,
    0xFF, 0x80, 0x00, 0x00, 0x00, 0x00, 0x00, 0x00, 0x00, 0x07, 0xFF, 0xFA, 0x9F, 0xFF, 0x80, 0x00, 0x00, 0x00, 0x00, 0x00,
    0x00, 0x00, 0x07, 0xFF, 0xFA, 0x9F, 0xFF, 0x80, 0x00, 0x00, 0x00, 0x00, 0x00, 0x00, 0x00, 0x07, 0xFF, 0xFA, 0x9F, 0xFF,
    0x80, 0x00, 0x00, 0x00, 0x00, 0x00, 0x00, 0x00, 0x07, 0xFF, 0xFA, 0x9F, 0xFF, 0x80, 0x00, 0x00, 0x00, 0x00, 0x00, 0x00,
    0x00, 0x07, 0xFF, 0xFA, 0x9F, 0xFF, 0x80, 0x00, 0x00, 0x00, 0x00, 0x00, 0x00, 0x00, 0x07, 0xFF, 0xFA, 0x9F, 0xFF, 0x80,
    0x00, 0x00, 0x00, 0x00, 0x00, 0x00, 0x00, 0x07, 0xFF, 0xFA, 0x9F, 0xFF, 0x80, 0x00, 0x00, 0x00, 0x00, 0x00, 0x00, 0x00,
    0x07, 0xFF, 0xF9, 0x9F, 0xFF, 0x80, 0x00, 0x00, 0x00, 0x00, 0x00, 0x00, 0x00, 0x08, 0xFF, 0xF9, 0x8F, 0xFF, 0xA0, 0x00,
    0x00, 0x00, 0x00, 0x00, 0x00, 0x00, 0x0A, 0xFF, 0xF7, 0x5F, 0xFF, 0xD0, 0x00, 0x00, 0x00, 0x00, 0x00, 0x00, 0x00, 0x0D,
    0xFF, 0xF5, 0x1F, 0xFF, 0xF4, 0x00, 0x00, 0x00, 0x00, 0x00, 0x00, 0x00, 0x5F, 0xFF, 0xE1, 0x0A, 0xFF, 0xFC, 0x00, 0x00,
    0x00, 0x00, 0x00, 0x00, 0x01, 0xDF, 0xFF, 0x90, 0x03, 0xFF, 0xFF, 0x90, 0x00, 0x00, 0x00, 0x00, 0x00, 0x1B, 0xFF, 0xFE,
    0x20, 0x00, 0x8F, 0xFF, 0xFB, 0x30, 0x00, 0x00, 0x00, 0x05, 0xDF, 0xFF, 0xF6, 0x00, 0x00, 0x0B, 0xFF, 0xFF, 0xFC, 0x86,
    0x55, 0x69, 0xDF, 0xFF, 0xFF, 0x80, 0x00, 0x00, 0x00, 0x9F, 0xFF, 0xFF, 0xFF, 0xFF, 0xFF, 0xFF, 0xFF, 0xF7, 0x00, 0x00,
    0x00, 0x00, 0x04, 0xCF, 0xFF, 0xFF, 0xFF, 0xFF, 0xFF, 0xFA, 0x20, 0x00, 0x00, 0x00, 0x00, 0x00, 0x03, 0x7B, 0xDE, 0xFF,
    0xEC, 0xA6, 0x20, 0x00, 0x00, 0x00, 0x34, 0x44, 0x20, 0x00, 0x00, 0x00, 0x00, 0x00, 0x00, 0x00, 0x00, 0x00, 0x24, 0x44,
    0x37, 0xFF, 0xFC, 0x00, 0x00, 0x00, 0x00, 0x00, 0x00, 0x00, 0x00, 0x00, 0x0B, 0xFF, 0xF9, 0x2F, 0xFF, 0xF3, 0x00, 0x00,
    0x00, 0x00, 0x00, 0x00, 0x00, 0x00, 0x02, 0xFF, 0xFF, 0x30, 0xAF, 0xFF, 0x90, 0x00, 0x00, 0x00, 0x00, 0x00, 0x00, 0x00,
    0x00, 0x7F, 0xFF, 0xC0, 0x04, 0xFF, 0xFE, 0x10, 0x00, 0x00, 0x00, 0x00, 0x00, 0x00, 0x00, 0x0D, 0xFF, 0xF6, 0x00, 0x0D,
    0xFF, 0xF6, 0x00, 0x00, 0x00, 0x00, 0x00, 0x00, 0x00, 0x04, 0xFF, 0xFE, 0x10, 0x00, 0x7F, 0xFF, 0xC0, 0x00, 0x00, 0x00,
    0x00, 0x00, 0x00, 0x00, 0xAF, 0xFF, 0x80, 0x00, 0x01, 0xFF, 0xFF, 0x30, 0x00, 0x00, 0x00, 0x00, 0x00, 0x00, 0x1F, 0xFF,
    0xF2, 0x00, 0x00, 0x0A, 0xFF, 0xF8, 0x00, 0x00, 0x00, 0x00, 0x00, 0x00, 0x07, 0xFF, 0xFB, 0x00, 0x00, 0x00, 0x3F, 0xFF,
    0xE0, 0x00, 0x00, 0x00, 0x00, 0x00, 0x00, 0xDF, 0xFF, 0x50, 0x00, 0x00, 0x00, 0xCF, 0xFF, 0x50, 0x00, 0x00, 0x00, 0x00,
    0x00, 0x3F, 0xFF, 0xE0, 0x00, 0x00, 0x00, 0x06, 0xFF, 0xFB, 0x00, 0x00, 0x00, 0x00, 0x00, 0x09, 0xFF, 0xF8, 0x00, 0x00,
    0x00, 0x00, 0x1E, 0xFF, 0xF2, 0x00, 0x00, 0x00, 0x00, 0x01, 0xEF, 0xFF, 0x20, 0x00, 0x00, 0x00, 0x00, 0x9F, 0xFF, 0x80,
    0x00, 0x00, 0x00, 0x00, 0x6F, 0xFF, 0xA0, 0x00, 0x00, 0x00, 0x00, 0x03, 0xFF, 0xFE, 0x00, 0x00, 0x00, 0x00, 0x0C, 0xFF,
    0xF4, 0x00, 0x00, 0x00, 0x00, 0x00, 0x0C, 0xFF, 0xF5, 0x00, 0x00, 0x00, 0x03, 0xFF, 0xFD, 0x00, 0x00, 0x00, 0x00, 0x00,
    0x00, 0x6F, 0xFF, 0xB0, 0x00, 0x00, 0x00, 0x9F, 0xFF, 0x70, 0x00, 0x00, 0x00, 0x00, 0x00, 0x01, 0xEF, 0xFF, 0x20, 0x00,
    0x00, 0x1E, 0xFF, 0xF1, 0x00, 0x00, 0x00, 0x00, 0x00, 0x00, 0x08, 0xFF, 0xF7, 0x00, 0x00, 0x05, 0xFF, 0xFA, 0x00, 0x00,
    0x00, 0x00, 0x00, 0x00, 0x00, 0x2F, 0xFF, 0xD0, 0x00, 0x00, 0xBF, 0xFF, 0x40, 0x00, 0x00, 0x00, 0x00, 0x00, 0x00, 0x00,
    0xBF, 0xFF, 0x40, 0x00, 0x2F, 0xFF, 0xD0, 0x00, 0x00, 0x00, 0x00, 0x00, 0x00, 0x00, 0x05, 0xFF, 0xFA, 0x00, 0x08, 0xFF,
    0xF6, 0x00, 0x00, 0x00, 0x00, 0x00, 0x00, 0x00, 0x00, 0x0E, 0xFF, 0xF1, 0x00, 0xDF, 0xFE, 0x10, 0x00, 0x00, 0x00, 0x00,
    0x00, 0x00, 0x00, 0x00, 0x8F, 0xFF, 0x60, 0x4F, 0xFF, 0x90, 0x00, 0x00, 0x00, 0x00, 0x00, 0x00, 0x00, 0x00, 0x02, 0xFF,
    0xFB, 0x09, 0xFF, 0xF3, 0x00, 0x00, 0x00, 0x00, 0x00, 0x00, 0x00, 0x00, 0x00, 0x0B, 0xFF, 0xF1, 0xEF, 0xFC, 0x00, 0x00,
    0x00, 0x00, 0x00, 0x00, 0x00, 0x00, 0x00, 0x00, 0x4F, 0xFF, 0x8F, 0xFF, 0x60, 0x00, 0x00, 0x00, 0x00, 0x00, 0x00, 0x00,
    0x00, 0x00, 0x00, 0xDF, 0xFE, 0xFF, 0xE1, 0x00, 0x00, 0x00, 0x00, 0x00, 0x00, 0x00, 0x00, 0x00, 0x00, 0x07, 0xFF, 0xFF,
    0xF9, 0x00, 0x00, 0x00, 0x00, 0x00, 0x00, 0x00, 0x00, 0x00, 0x00, 0x00, 0x1F, 0xFF, 0xFF, 0x30, 0x00, 0x00, 0x00, 0x00,
    0x00, 0x00, 0x00, 0x00, 0x00, 0x00, 0x00, 0xAF, 0xFF, 0xB0, 0x00, 0x00, 0x00, 0x00, 0x00, 0x00, 0x34, 0x44, 0x20, 0x00,
    0x00, 0x00, 0x00, 0x00, 0x00, 0x24, 0x44, 0x20, 0x00, 0x00, 0x00, 0x00, 0x00, 0x00, 0x24, 0x44, 0x39, 0xFF, 0xFA, 0x00,
    0x00, 0x00, 0x00, 0x00, 0x00, 0x09, 0xFF, 0xFB, 0x00, 0x00, 0x00, 0x00, 0x00, 0x00, 0x09, 0xFF, 0xFA, 0x4F, 0xFF, 0xE0,
    0x00, 0x00, 0x00, 0x00, 0x00, 0x00, 0xDF, 0xFF, 0xF1, 0x00, 0x00, 0x00, 0x00, 0x00, 0x00, 0xDF, 0xFF, 0x51, 0xEF, 0xFF,
    0x40, 0x00, 0x00, 0x00, 0x00, 0x00, 0x3F, 0xFF, 0xFF, 0x40, 0x00, 0x00, 0x00, 0x00, 0x00, 0x2F, 0xFF, 0xF1, 0x0B, 0xFF,
    0xF8, 0x00, 0x00, 0x00, 0x00, 0x00, 0x07, 0xFF, 0xFF, 0xF9, 0x00, 0x00, 0x00, 0x00, 0x00, 0x07, 0xFF, 0xFC, 0x00, 0x6F,
    0xFF, 0xC0, 0x00, 0x00, 0x00, 0x00, 0x00, 0xBF, 0xFE, 0xFF, 0xD0, 0x00, 0x00, 0x00, 0x00, 0x00, 0xBF, 0xFF, 0x70, 0x02,
    0xFF, 0xFF, 0x20, 0x00, 0x00, 0x00, 0x00, 0x1F, 0xFF, 0x7F, 0xFF, 0x20, 0x00, 0x00, 0x00, 0x00, 0x1E, 0xFF, 0xF3, 0x00,
    0x0C, 0xFF, 0xF6, 0x00, 0x00, 0x00, 0x00, 0x05, 0xFF, 0xF1, 0xEF, 0xF6, 0x00, 0x00, 0x00, 0x00, 0x04, 0xFF, 0xFD, 0x00,
    0x00, 0x8F, 0xFF, 0xA0, 0x00, 0x00, 0x00, 0x00, 0x9F, 0xFD, 0x0B, 0xFF, 0xA0, 0x00, 0x00, 0x00, 0x00, 0x8F, 0xFF, 0x90,
    0x00, 0x03, 0xFF, 0xFE, 0x00, 0x00, 0x00, 0x00, 0x0D, 0xFF, 0x90, 0x8F, 0xFE, 0x00, 0x00, 0x00, 0x00, 0x0D, 0xFF, 0xF5,
    0x00, 0x00, 0x0E, 0xFF, 0xF3, 0x00, 0x00, 0x00, 0x02, 0xFF, 0xF6, 0x04, 0xFF, 0xF4, 0x00, 0x00, 0x00, 0x02, 0xFF, 0xFE,
    0x10, 0x00, 0x00, 0xAF, 0xFF, 0x80, 0x00, 0x00, 0x00, 0x7F, 0xFF, 0x20, 0x1F, 0xFF, 0x80, 0x00, 0x00, 0x00, 0x6F, 0xFF,
    0xB0, 0x00, 0x00, 0x05, 0xFF, 0xFC, 0x00, 0x00, 0x00, 0x0B, 0xFF, 0xD0, 0x00, 0xBF, 0xFC, 0x00, 0x00, 0x00, 0x0A, 0xFF,
    0xF6, 0x00, 0x00, 0x00, 0x1F, 0xFF, 0xF1, 0x00, 0x00, 0x00, 0xEF, 0xF8, 0x00, 0x07, 0xFF, 0xF1, 0x00, 0x00, 0x00, 0xEF,
    0xFF, 0x20, 0x00, 0x00, 0x00, 0xBF, 0xFF, 0x50, 0x00, 0x00, 0x4F, 0xFF, 0x40, 0x00, 0x3F, 0xFF, 0x60, 0x00, 0x00, 0x3F,
    0xFF, 0xC0, 0x00, 0x00, 0x00, 0x07, 0xFF, 0xFA, 0x00, 0x00, 0x08, 0xFF, 0xF1, 0x00, 0x00, 0xEF, 0xFA, 0x00, 0x00, 0x08,
    0xFF, 0xF8, 0x00, 0x00, 0x00, 0x00, 0x2F, 0xFF, 0xE0, 0x00, 0x00, 0xCF, 0xFB, 0x00, 0x00, 0x0A, 0xFF, 0xE0, 0x00, 0x00,
    0xCF, 0xFF, 0x40, 0x00, 0x00, 0x00, 0x00, 0xDF, 0xFF, 0x30, 0x00, 0x2F, 0xFF, 0x70, 0x00, 0x00, 0x6F, 0xFF, 0x30, 0x00,
    0x1F, 0xFF, 0xE0, 0x00, 0x00, 0x00, 0x00, 0x09, 0xFF, 0xF7, 0x00, 0x06, 0xFF, 0xF3, 0x00, 0x00, 0x01, 0xFF, 0xF7, 0x00,
    0x04, 0xFF, 0xFA, 0x00, 0x00, 0x00, 0x00, 0x00, 0x4F, 0xFF, 0xC0, 0x00, 0xAF, 0xFE, 0x00, 0x00, 0x00, 0x0C, 0xFF, 0xB0,
    0x00, 0x7F, 0xFF, 0x50, 0x00, 0x00, 0x00, 0x00, 0x00, 0xEF, 0xFF, 0x10, 0x0E, 0xFF, 0xA0, 0x00, 0x00, 0x00, 0x8F, 0xFF,
    0x10, 0x0A, 0xFF, 0xF1, 0x00, 0x00, 0x00, 0x00, 0x00, 0x0A, 0xFF, 0xF4, 0x03, 0xFF, 0xF6, 0x00, 0x00, 0x00, 0x04, 0xFF,
    0xF4, 0x00, 0xEF, 0xFB, 0x00, 0x00, 0x00, 0x00, 0x00, 0x00, 0x6F, 0xFF, 0x70, 0x7F, 0xFF, 0x20, 0x00, 0x00, 0x00, 0x1F,
    0xFF, 0x80, 0x2F, 0xFF, 0x70, 0x00, 0x00, 0x00, 0x00, 0x00, 0x02, 0xFF, 0xFA, 0x0A, 0xFF, 0xC0, 0x00, 0x00, 0x00, 0x00,
    0xBF, 0xFC, 0x06, 0xFF, 0xF3, 0x00, 0x00, 0x00, 0x00, 0x00, 0x00, 0x0C, 0xFF, 0xC0, 0xEF, 0xF8, 0x00, 0x00, 0x00, 0x00,
    0x07, 0xFF, 0xF1, 0x9F, 0xFD, 0x00, 0x00, 0x00, 0x00, 0x00, 0x00, 0x00, 0x8F, 0xFF, 0x3F, 0xFF, 0x40, 0x00, 0x00, 0x00,
    0x00, 0x3F, 0xFF, 0x4D, 0xFF, 0x90, 0x00, 0x00, 0x00, 0x00, 0x00, 0x00, 0x03, 0xFF, 0xF9, 0xFF, 0xE1, 0x00, 0x00, 0x00,
    0x00, 0x00, 0xEF, 0xF9, 0xFF, 0xF4, 0x00, 0x00, 0x00, 0x00, 0x00, 0x00, 0x00, 0x0E, 0xFF, 0xFF, 0xFB, 0x00, 0x00, 0x00,
    0x00, 0x00, 0x0A, 0xFF, 0xEF, 0xFE, 0x10, 0x00, 0x00, 0x00, 0x00, 0x00, 0x00, 0x00, 0x9F, 0xFF, 0xFF, 0x70, 0x00, 0x00,
    0x00, 0x00, 0x00, 0x6F, 0xFF, 0xFF, 0xB0, 0x00, 0x00, 0x00, 0x00, 0x00, 0x00, 0x00, 0x05, 0xFF, 0xFF, 0xF3, 0x00, 0x00,
    0x00, 0x00, 0x00, 0x01, 0xFF, 0xFF, 0xF6, 0x00, 0x00, 0x00, 0x00, 0x00, 0x00, 0x00, 0x00, 0x1F, 0xFF, 0xFD, 0x00, 0x00,
    0x00, 0x00, 0x00, 0x00, 0x0C, 0xFF, 0xFF, 0x20, 0x00, 0x00, 0x00, 0x00, 0x04, 0x44, 0x42, 0x00, 0x00, 0x00, 0x00, 0x00,
    0x00, 0x00, 0x01, 0x44, 0x44, 0x10, 0x09, 0xFF, 0xFD, 0x10, 0x00, 0x00, 0x00, 0x00, 0x00, 0x00, 0x0B, 0xFF, 0xFB, 0x00,
    0x00, 0xCF, 0xFF, 0xA0, 0x00, 0x00, 0x00, 0x00, 0x00, 0x00, 0x7F, 0xFF, 0xE2, 0x00, 0x00, 0x2E, 0xFF, 0xF5, 0x00, 0x00,
    0x00, 0x00, 0x00, 0x03, 0xFF, 0xFF, 0x50, 0x00, 0x00, 0x06, 0xFF, 0xFE, 0x20, 0x00, 0x00, 0x00, 0x00, 0x0C, 0xFF, 0xF9,
    0x00, 0x00, 0x00, 0x00, 0xAF, 0xFF, 0xB0, 0x00, 0x00, 0x00, 0x00, 0x8F, 0xFF, 0xD1, 0x00, 0x00, 0x00, 0x00, 0x1D, 0xFF,
    0xF7, 0x00, 0x00, 0x00, 0x03, 0xFF, 0xFF, 0x30, 0x00, 0x00, 0x00, 0x00, 0x03, 0xFF, 0xFF, 0x30, 0x00, 0x00, 0x1D, 0xFF,
    0xF7, 0x00, 0x00, 0x00, 0x00, 0x00, 0x00, 0x7F, 0xFF, 0xD1, 0x00, 0x00, 0x9F, 0xFF, 0xB0, 0x00, 0x00, 0x00, 0x00, 0x00,
    0x00, 0x0B, 0xFF, 0xF9, 0x00, 0x04, 0xFF, 0xFE, 0x10, 0x00, 0x00, 0x00, 0x00, 0x00, 0x00, 0x01, 0xEF, 0xFF, 0x50, 0x1D,
    0xFF, 0xF4, 0x00, 0x00, 0x00, 0x00, 0x00, 0x00, 0x00, 0x00, 0x4F, 0xFF, 0xE1, 0xAF, 0xFF, 0x80, 0x00, 0x00, 0x00, 0x00,
    0x00, 0x00, 0x00, 0x00, 0x08, 0xFF, 0xFC, 0xFF, 0xFC, 0x00, 0x00, 0x00, 0x00, 0x00, 0x00, 0x00, 0x00, 0x00, 0x00, 0xCF,
    0xFF, 0xFF, 0xE2, 0x00, 0x00, 0x00, 0x00, 0x00, 0x00, 0x00, 0x00, 0x00, 0x00, 0x2E, 0xFF, 0xFF, 0x60, 0x00, 0x00, 0x00,
    0x00, 0x00, 0x00, 0x00, 0x00, 0x00, 0x00, 0x0B, 0xFF, 0xFF, 0x30, 0x00, 0x00, 0x00, 0x00, 0x00, 0x00, 0x00, 0x00, 0x00,
    0x00, 0x6F, 0xFF, 0xFF, 0xD1, 0x00, 0x00, 0x00, 0x00, 0x00, 0x00, 0x00, 0x00, 0x00, 0x02, 0xEF, 0xFF, 0xFF, 0xF9, 0x00,
    0x00, 0x00, 0x00, 0x00, 0x00, 0x00, 0x00, 0x00, 0x1C, 0xFF, 0xF4, 0xDF, 0xFF, 0x50, 0x00, 0x00, 0x00, 0x00, 0x00, 0x00,
    0x00, 0x00, 0x9F, 0xFF, 0x90, 0x4F, 0xFF, 0xE2, 0x00, 0x00, 0x00, 0x00, 0x00, 0x00, 0x00, 0x05, 0xFF, 0xFD, 0x10, 0x09,
    0xFF, 0xFB, 0x00, 0x00, 0x00, 0x00, 0x00, 0x00, 0x00, 0x2E, 0xFF, 0xF3, 0x00, 0x01, 0xDF, 0xFF, 0x70, 0x00, 0x00, 0x00,
    0x00, 0x00, 0x00, 0xCF, 0xFF, 0x70, 0x00, 0x00, 0x3F, 0xFF, 0xF3, 0x00, 0x00, 0x00, 0x00, 0x00, 0x08, 0xFF, 0xFC, 0x00,
    0x00, 0x00, 0x08, 0xFF, 0xFC, 0x10, 0x00, 0x00, 0x00, 0x00, 0x4F, 0xFF, 0xE2, 0x00, 0x00, 0x00, 0x00, 0xCF, 0xFF, 0x90,
    0x00, 0x00, 0x00, 0x01, 0xDF, 0xFF, 0x60, 0x00, 0x00, 0x00, 0x00, 0x3F, 0xFF, 0xF4, 0x00, 0x00, 0x00, 0x0B, 0xFF, 0xFA,
    0x00, 0x00, 0x00, 0x00, 0x00, 0x07, 0xFF, 0xFE, 0x10, 0x00, 0x00, 0x7F, 0xFF, 0xE1, 0x00, 0x00, 0x00, 0x00, 0x00, 0x00,
    0xBF, 0xFF, 0xA0, 0x00, 0x03, 0xFF, 0xFF, 0x40, 0x00, 0x00, 0x00, 0x00, 0x00, 0x00, 0x2E, 0xFF, 0xF6, 0x00, 0x1D, 0xFF,
    0xF9, 0x00, 0x00, 0x00, 0x00, 0x00, 0x00, 0x00, 0x06, 0xFF, 0xFE, 0x20, 0xAF, 0xFF, 0xD1, 0x00, 0x00, 0x00, 0x00, 0x00,
    0x00, 0x00, 0x00, 0xBF, 0xFF, 0xC0, 0x44, 0x44, 0x20, 0x00, 0x00, 0x00, 0x00, 0x00, 0x00, 0x00, 0x00, 0x24, 0x44, 0x40,
    0x8F, 0xFF, 0xE1, 0x00, 0x00, 0x00, 0x00, 0x00, 0x00, 0x00, 0x00, 0xDF, 0xFF, 0xA0, 0x1D, 0xFF, 0xF9, 0x00, 0x00, 0x00,
    0x00, 0x00, 0x00, 0x00, 0x07, 0xFF, 0xFE, 0x10, 0x03, 0xFF, 0xFF, 0x40, 0x00, 0x00, 0x00, 0x00, 0x00, 0x00, 0x2F, 0xFF,
    0xF5, 0x00, 0x00, 0x9F, 0xFF, 0xD0, 0x00, 0x00, 0x00, 0x00, 0x00, 0x00, 0xBF, 0xFF, 0xA0, 0x00, 0x00, 0x1D, 0xFF, 0xF8,
    0x00, 0x00, 0x00, 0x00, 0x00, 0x06, 0xFF, 0xFE, 0x10, 0x00, 0x00, 0x04, 0xFF, 0xFF, 0x30, 0x00, 0x00, 0x00, 0x00, 0x2E,
    0xFF, 0xF5, 0x00, 0x00, 0x00, 0x00, 0x9F, 0xFF, 0xC0, 0x00, 0x00, 0x00, 0x00, 0xAF, 0xFF, 0xA0, 0x00, 0x00, 0x00, 0x00,
    0x1D, 0xFF, 0xF7, 0x00, 0x00, 0x00, 0x05, 0xFF, 0xFE, 0x10, 0x00, 0x00, 0x00, 0x00, 0x04, 0xFF, 0xFE, 0x20, 0x00, 0x00,
    0x1D, 0xFF, 0xF5, 0x00, 0x00, 0x00, 0x00, 0x00, 0x00, 0x9F, 0xFF, 0xB0, 0x00, 0x00, 0x9F, 0xFF, 0xA0, 0x00, 0x00, 0x00,
    0x00, 0x00, 0x00, 0x1D, 0xFF, 0xF5, 0x00, 0x04, 0xFF, 0xFE, 0x20, 0x00, 0x00, 0x00, 0x00, 0x00, 0x00, 0x05, 0xFF, 0xFE,
    0x10, 0x0D, 0xFF, 0xF6, 0x00, 0x00, 0x00, 0x00, 0x00, 0x00, 0x00, 0x00, 0xAF, 0xFF, 0xA0, 0x8F, 0xFF, 0xB0, 0x00, 0x00,
    0x00, 0x00, 0x00, 0x00, 0x00, 0x00, 0x1E, 0xFF, 0xF5, 0xFF, 0xFE, 0x20, 0x00, 0x00, 0x00, 0x00, 0x00, 0x00, 0x00, 0x00,
    0x05, 0xFF, 0xFF, 0xFF, 0xF6, 0x00, 0x00, 0x00, 0x00, 0x00, 0x00, 0x00, 0x00, 0x00, 0x00, 0xAF, 0xFF, 0xFF, 0xB0, 0x00,
    0x00, 0x00, 0x00, 0x00, 0x00, 0x00, 0x00, 0x00, 0x00, 0x1E, 0xFF, 0xFE, 0x20, 0x00, 0x00, 0x00, 0x00, 0x00, 0x00, 0x00,
    0x00, 0x00, 0x00, 0x07, 0xFF, 0xF8, 0x00, 0x00, 0x00, 0x00, 0x00, 0x00, 0x00, 0x00, 0x00, 0x00, 0x00, 0x06, 0xFF, 0xF7,
    0x00, 0x00, 0x00, 0x00, 0x00, 0x00, 0x00, 0x00, 0x00, 0x00, 0x00, 0x06, 0xFF, 0xF7, 0x00, 0x00, 0x00, 0x00, 0x00, 0x00,
    0x00, 0x00, 0x00, 0x00, 0x00, 0x06, 0xFF, 0xF7, 0x00, 0x00, 0x00, 0x00, 0x00, 0x00, 0x00, 0x00, 0x00, 0x00, 0x00, 0x06,
    0xFF, 0xF7, 0x00, 0x00, 0x00, 0x00, 0x00, 0x00, 0x00, 0x00, 0x00, 0x00, 0x00, 0x06, 0xFF, 0xF7, 0x00, 0x00, 0x00, 0x00,
    0x00, 0x00, 0x00, 0x00, 0x00, 0x00, 0x00, 0x06, 0xFF, 0xF7, 0x00, 0x00, 0x00, 0x00, 0x00, 0x00, 0x00, 0x00, 0x00, 0x00,
    0x00, 0x06, 0xFF, 0xF7, 0x00, 0x00, 0x00, 0x00, 0x00, 0x00, 0x00, 0x00, 0x00, 0x00, 0x00, 0x06, 0xFF, 0xF7, 0x00, 0x00,
    0x00, 0x00, 0x00, 0x00, 0x00, 0x00, 0x00, 0x00, 0x00, 0x06, 0xFF, 0xF7, 0x00, 0x00, 0x00, 0x00, 0x00, 0x00, 0x00, 0x00,
    0x00, 0x00, 0x00, 0x06, 0xFF, 0xF7, 0x00, 0x00, 0x00, 0x00, 0x00, 0x00, 0x00, 0x00, 0x00, 0x00, 0x00, 0x06, 0xFF, 0xF7,
    0x00, 0x00, 0x00, 0x00, 0x00, 0x00, 0x00, 0x00, 0x00, 0x00, 0x00, 0x06, 0xFF, 0xF7, 0x00, 0x00, 0x00, 0x00, 0x00, 0x00,
    0x00, 0x44, 0x44, 0x44, 0x44, 0x44, 0x44, 0x44, 0x44, 0x44, 0x44, 0x42, 0x00, 0x1F, 0xFF, 0xFF, 0xFF, 0xFF, 0xFF, 0xFF,
    0xFF, 0xFF, 0xFF, 0xFF, 0x70, 0x01, 0xFF, 0xFF, 0xFF, 0xFF, 0xFF, 0xFF, 0xFF, 0xFF, 0xFF, 0xFF, 0xF7, 0x00, 0x1F, 0xFF,
    0xFF, 0xFF, 0xFF, 0xFF, 0xFF, 0xFF, 0xFF, 0xFF, 0xFF, 0x70, 0x00, 0x22, 0x22, 0x22, 0x22, 0x22, 0x22, 0x22, 0x22, 0x8F,
    0xFF, 0xD1, 0x00, 0x00, 0x00, 0x00, 0x00, 0x00, 0x00, 0x00, 0x00, 0x4F, 0xFF, 0xE3, 0x00, 0x00, 0x00, 0x00, 0x00, 0x00,
    0x00, 0x00, 0x00, 0x2E, 0xFF, 0xF5, 0x00, 0x00, 0x00, 0x00, 0x00, 0x00, 0x00, 0x00, 0x00, 0x0C, 0xFF, 0xF9, 0x00, 0x00,
    0x00, 0x00, 0x00, 0x00, 0x00, 0x00, 0x00, 0x09, 0xFF, 0xFC, 0x00, 0x00, 0x00, 0x00, 0x00, 0x00, 0x00, 0x00, 0x00, 0x05,
    0xFF, 0xFE, 0x20, 0x00, 0x00, 0x00, 0x00, 0x00, 0x00, 0x00, 0x00, 0x02, 0xEF, 0xFF, 0x40, 0x00, 0x00, 0x00, 0x00, 0x00,
    0x00, 0x00, 0x00, 0x01, 0xDF, 0xFF, 0x80, 0x00, 0x00, 0x00, 0x00, 0x00, 0x00, 0x00, 0x00, 0x00, 0xAF, 0xFF, 0xB0, 0x00,
    0x00, 0x00, 0x00, 0x00, 0x00, 0x00, 0x00, 0x00, 0x7F, 0xFF, 0xD1, 0x00, 0x00, 0x00, 0x00, 0x00, 0x00, 0x00, 0x00, 0x00,
    0x3F, 0xFF, 0xF3, 0x00, 0x00, 0x00, 0x00, 0x00, 0x00, 0x00, 0x00, 0x00, 0x1D, 0xFF, 0xF6, 0x00, 0x00, 0x00, 0x00, 0x00,
    0x00, 0x00, 0x00, 0x00, 0x0B, 0xFF, 0xFA, 0x00, 0x00, 0x00, 0x00, 0x00, 0x00, 0x00, 0x00, 0x00, 0x08, 0xFF, 0xFD, 0x10,
    0x00, 0x00, 0x00, 0x00, 0x00, 0x00, 0x00, 0x00, 0x05, 0xFF, 0xFE, 0x20, 0x00, 0x00, 0x00, 0x00, 0x00, 0x00, 0x00, 0x00,
    0x02, 0xEF, 0xFF, 0x50, 0x00, 0x00, 0x00, 0x00, 0x00, 0x00, 0x00, 0x00, 0x01, 0xCF, 0xFF, 0x90, 0x00, 0x00, 0x00, 0x00,
    0x00, 0x00, 0x00, 0x00, 0x00, 0x9F, 0xFF, 0xC0, 0x00, 0x00, 0x00, 0x00, 0x00, 0x00, 0x00, 0x00, 0x00, 0x6F, 0xFF, 0xE2,
    0x00, 0x00, 0x00, 0x00, 0x00, 0x00, 0x00, 0x00, 0x00, 0x3F, 0xFF, 0xF4, 0x00, 0x00, 0x00, 0x00, 0x00, 0x00, 0x00, 0x00,
    0x00, 0x1D, 0xFF, 0xF7, 0x00, 0x00, 0x00, 0x00, 0x00, 0x00, 0x00, 0x00, 0x00, 0x0B, 0xFF, 0xFB, 0x00, 0x00, 0x00, 0x00,
    0x00, 0x00, 0x00, 0x00, 0x00, 0x07, 0xFF, 0xFD, 0x10, 0x00, 0x00, 0x00, 0x00, 0x00, 0x00, 0x00, 0x00, 0x04, 0xFF, 0xFF,
    0x85, 0x55, 0x55, 0x55, 0x55, 0x55, 0x55, 0x55, 0x55, 0x53, 0x9F, 0xFF, 0xFF, 0xFF, 0xFF, 0xFF, 0xFF, 0xFF, 0xFF, 0xFF,
    0xFF, 0xFF, 0x89, 0xFF, 0xFF, 0xFF, 0xFF, 0xFF, 0xFF, 0xFF, 0xFF, 0xFF, 0xFF, 0xFF, 0xF8, 0x9F, 0xFF, 0xFF, 0xFF, 0xFF,
    0xFF, 0xFF, 0xFF, 0xFF, 0xFF, 0xFF, 0xFF, 0x80,
};

} // namespace displayfont_data

// Liberation Sans Regular, 44 px at 2x; cap height 30 px at 2x.
constexpr AtlasFont kDisplayFont{ displayfont_data::kGlyphs, displayfont_data::kAlpha, 32, 90, 10, 30 };

} // namespace modern
} // namespace tannhauser

#endif // TANNHAUSER_DISPLAYFONT_HPP
